x,y,z,pd
-12.500000,-4.500000,0.000000,0.780000
-12.500000,-4.000000,0.000000,0.520000
-12.500000,-3.500000,0.000000,0.520000
-12.500000,-3.000000,0.000000,0.520000
-12.500000,-2.500000,0.000000,1.040000
-12.500000,-2.000000,0.000000,0.520000
-12.500000,-1.500000,0.000000,1.040000
-12.500000,-1.000000,0.000000,0.260000
-12.000000,-7.000000,0.000000,0.260000
-12.000000,-6.500000,0.000000,2.080000
-12.000000,-6.000000,0.000000,2.599974
-12.000000,-5.500000,0.000000,2.588279
-12.000000,-5.000000,0.000000,3.344700
-12.000000,-4.500000,0.000000,3.843971
-12.000000,-4.000000,0.000000,3.910733
-12.000000,-3.500000,0.000000,3.401441
-12.000000,-3.000000,0.000000,3.700226
-12.000000,-2.500000,0.000000,3.303870
-12.000000,-2.000000,0.000000,3.024552
-12.000000,-1.500000,0.000000,2.496260
-12.000000,-1.000000,0.000000,2.498130
-12.000000,-0.500000,0.000000,3.079831
-12.000000,0.000000,0.000000,3.656153
-12.000000,0.500000,0.000000,3.447900
-12.000000,1.000000,0.000000,1.809132
-11.500000,-8.500000,0.000000,1.040000
-11.500000,-8.000000,0.000000,2.073352
-11.500000,-7.500000,0.000000,1.854127
-11.500000,-7.000000,0.000000,3.097875
-11.500000,-6.500000,0.000000,2.327450
-11.500000,-6.000000,0.000000,2.307351
-11.500000,-5.500000,0.000000,2.600751
-11.500000,-5.000000,0.000000,2.408521
-11.500000,-4.500000,0.000000,2.628212
-11.500000,-4.000000,0.000000,2.655816
-11.500000,-3.500000,0.000000,2.376142
-11.500000,-3.000000,0.000000,1.950028
-11.500000,-2.500000,0.000000,1.653038
-11.500000,-2.000000,0.000000,1.598775
-11.500000,-1.500000,0.000000,1.382700
-11.500000,-1.000000,0.000000,1.405140
-11.500000,-0.500000,0.000000,1.567992
-11.500000,0.000000,0.000000,2.557940
-11.500000,0.500000,0.000000,3.062100
-11.500000,1.000000,0.000000,3.816000
-11.500000,1.500000,0.000000,4.154316
-11.500000,2.000000,0.000000,2.859443
-11.500000,2.500000,0.000000,1.560000
-11.500000,3.000000,0.000000,0.260000
-11.000000,-9.500000,0.000000,1.040000
-11.000000,-9.000000,0.000000,2.853998
-11.000000,-8.500000,0.000000,2.709115
-11.000000,-8.000000,0.000000,1.849117
-11.000000,-7.500000,0.000000,1.641631
-11.000000,-7.000000,0.000000,1.539595
-11.000000,-6.500000,0.000000,1.468766
-11.000000,-6.000000,0.000000,1.634973
-11.000000,-5.500000,0.000000,1.829615
-11.000000,-5.000000,0.000000,1.709320
-11.000000,-4.500000,0.000000,2.185885
-11.000000,-4.000000,0.000000,2.208270
-11.000000,-3.500000,0.000000,1.582131
-11.000000,-3.000000,0.000000,1.423162
-11.000000,-2.500000,0.000000,1.422802
-11.000000,-2.000000,0.000000,1.318433
-11.000000,-1.500000,0.000000,1.157248
-11.000000,-1.000000,0.000000,1.260443
-11.000000,-0.500000,0.000000,1.786113
-11.000000,0.000000,0.000000,2.927677
-11.000000,0.500000,0.000000,2.779257
-11.000000,1.000000,0.000000,2.849110
-11.000000,1.500000,0.000000,3.322264
-11.000000,2.000000,0.000000,3.615958
-11.000000,2.500000,0.000000,4.030126
-11.000000,3.000000,0.000000,4.132668
-11.000000,3.500000,0.000000,3.887882
-11.000000,4.000000,0.000000,2.600000
-11.000000,4.500000,0.000000,1.040000
-10.500000,-10.500000,0.000000,0.260000
-10.500000,-10.000000,0.000000,2.472158
-10.500000,-9.500000,0.000000,2.826432
-10.500000,-9.000000,0.000000,1.821179
-10.500000,-8.500000,0.000000,1.346697
-10.500000,-8.000000,0.000000,1.311489
-10.500000,-7.500000,0.000000,1.377704
-10.500000,-7.000000,0.000000,1.417704
-10.500000,-6.500000,0.000000,1.670331
-10.500000,-6.000000,0.000000,2.098960
-10.500000,-5.500000,0.000000,1.909318
-10.500000,-5.000000,0.000000,1.723882
-10.500000,-4.500000,0.000000,2.517025
-10.500000,-4.000000,0.000000,1.724958
-10.500000,-3.500000,0.000000,1.354650
-10.500000,-3.000000,0.000000,1.469681
-10.500000,-2.500000,0.000000,1.260212
-10.500000,-2.000000,0.000000,1.180195
-10.500000,-1.500000,0.000000,1.212173
-10.500000,-1.000000,0.000000,2.011972
-10.500000,-0.500000,0.000000,2.572064
-10.500000,0.000000,0.000000,2.600649
-10.500000,0.500000,0.000000,2.784446
-10.500000,1.000000,0.000000,2.312600
-10.500000,1.500000,0.000000,2.463671
-10.500000,2.000000,0.000000,3.040495
-10.500000,2.500000,0.000000,3.078027
-10.500000,3.000000,0.000000,3.533864
-10.500000,3.500000,0.000000,4.103968
-10.500000,4.000000,0.000000,3.284588
-10.500000,4.500000,0.000000,3.802740
-10.500000,5.000000,0.000000,3.638938
-10.500000,5.500000,0.000000,2.080000
-10.500000,6.000000,0.000000,0.520000
-10.500000,6.500000,0.000000,1.040000
-10.500000,7.000000,0.000000,0.260000
-10.000000,-11.000000,0.000000,1.819971
-10.000000,-10.500000,0.000000,3.788931
-10.000000,-10.000000,0.000000,1.955161
-10.000000,-9.500000,0.000000,1.460985
-10.000000,-9.000000,0.000000,1.311634
-10.000000,-8.500000,0.000000,1.079977
-10.000000,-8.000000,0.000000,1.299365
-10.000000,-7.500000,0.000000,1.440171
-10.000000,-7.000000,0.000000,1.663286
-10.000000,-6.500000,0.000000,2.261669
-10.000000,-6.000000,0.000000,2.861234
-10.000000,-5.500000,0.000000,2.252167
-10.000000,-5.000000,0.000000,1.901701
-10.000000,-4.500000,0.000000,2.295101
-10.000000,-4.000000,0.000000,1.401616
-10.000000,-3.500000,0.000000,1.192068
-10.000000,-3.000000,0.000000,1.285313
-10.000000,-2.500000,0.000000,1.068873
-10.000000,-2.000000,0.000000,1.110233
-10.000000,-1.500000,0.000000,1.429663
-10.000000,-1.000000,0.000000,2.364719
-10.000000,-0.500000,0.000000,2.663068
-10.000000,0.000000,0.000000,2.139654
-10.000000,0.500000,0.000000,2.001641
-10.000000,1.000000,0.000000,2.461580
-10.000000,1.500000,0.000000,2.753459
-10.000000,2.000000,0.000000,2.329390
-10.000000,2.500000,0.000000,1.679640
-10.000000,3.000000,0.000000,1.692162
-10.000000,3.500000,0.000000,2.782507
-10.000000,4.000000,0.000000,1.581812
-10.000000,4.500000,0.000000,2.168560
-10.000000,5.000000,0.000000,3.785217
-10.000000,5.500000,0.000000,2.754985
-10.000000,6.000000,0.000000,2.948103
-10.000000,6.500000,0.000000,2.786294
-10.000000,7.000000,0.000000,3.177351
-10.000000,7.500000,0.000000,2.718619
-10.000000,8.000000,0.000000,0.520000
-9.500000,-12.000000,0.000000,0.520000
-9.500000,-11.500000,0.000000,2.848699
-9.500000,-11.000000,0.000000,2.515115
-9.500000,-10.500000,0.000000,2.924439
-9.500000,-10.000000,0.000000,1.547849
-9.500000,-9.500000,0.000000,0.961627
-9.500000,-9.000000,0.000000,1.169279
-9.500000,-8.500000,0.000000,1.162534
-9.500000,-8.000000,0.000000,1.357600
-9.500000,-7.500000,0.000000,1.724395
-9.500000,-7.000000,0.000000,2.058222
-9.500000,-6.500000,0.000000,1.661645
-9.500000,-6.000000,0.000000,2.682765
-9.500000,-5.500000,0.000000,2.414753
-9.500000,-5.000000,0.000000,1.813222
-9.500000,-4.500000,0.000000,2.072700
-9.500000,-4.000000,0.000000,1.259751
-9.500000,-3.500000,0.000000,1.017066
-9.500000,-3.000000,0.000000,1.060459
-9.500000,-2.500000,0.000000,1.009056
-9.500000,-2.000000,0.000000,1.370755
-9.500000,-1.500000,0.000000,2.179439
-9.500000,-1.000000,0.000000,1.980429
-9.500000,-0.500000,0.000000,1.593769
-9.500000,0.000000,0.000000,1.534533
-9.500000,0.500000,0.000000,1.928060
-9.500000,1.000000,0.000000,2.616815
-9.500000,1.500000,0.000000,3.362827
-9.500000,2.000000,0.000000,1.966555
-9.500000,2.500000,0.000000,1.339877
-9.500000,3.000000,0.000000,1.730340
-9.500000,3.500000,0.000000,2.940465
-9.500000,4.000000,0.000000,1.321610
-9.500000,4.500000,0.000000,2.022923
-9.500000,5.000000,0.000000,2.617737
-9.500000,5.500000,0.000000,1.487749
-9.500000,6.000000,0.000000,1.544844
-9.500000,6.500000,0.000000,1.482127
-9.500000,7.000000,0.000000,1.694309
-9.500000,7.500000,0.000000,3.436683
-9.500000,8.000000,0.000000,3.608478
-9.500000,8.500000,0.000000,2.827883
-9.500000,9.000000,0.000000,0.520000
-9.000000,-12.500000,0.000000,1.040000
-9.000000,-12.000000,0.000000,3.390985
-9.000000,-11.500000,0.000000,1.587723
-9.000000,-11.000000,0.000000,1.383943
-9.000000,-10.500000,0.000000,2.127593
-9.000000,-10.000000,0.000000,1.457951
-9.000000,-9.500000,0.000000,0.906674
-9.000000,-9.000000,0.000000,0.954288
-9.000000,-8.500000,0.000000,1.061524
-9.000000,-8.000000,0.000000,1.139730
-9.000000,-7.500000,0.000000,1.520048
-9.000000,-7.000000,0.000000,2.073861
-9.000000,-6.500000,0.000000,1.636633
-9.000000,-6.000000,0.000000,2.281167
-9.000000,-5.500000,0.000000,2.170020
-9.000000,-5.000000,0.000000,1.483967
-9.000000,-4.500000,0.000000,1.863815
-9.000000,-4.000000,0.000000,1.175265
-9.000000,-3.500000,0.000000,0.918823
-9.000000,-3.000000,0.000000,0.981120
-9.000000,-2.500000,0.000000,1.163938
-9.000000,-2.000000,0.000000,1.589134
-9.000000,-1.500000,0.000000,1.480478
-9.000000,-1.000000,0.000000,1.228677
-9.000000,-0.500000,0.000000,1.369713
-9.000000,0.000000,0.000000,1.609335
-9.000000,0.500000,0.000000,2.309473
-9.000000,1.000000,0.000000,2.831993
-9.000000,1.500000,0.000000,2.583483
-9.000000,2.000000,0.000000,1.451518
-9.000000,2.500000,0.000000,1.163724
-9.000000,3.000000,0.000000,2.254206
-9.000000,3.500000,0.000000,2.836127
-9.000000,4.000000,0.000000,1.255872
-9.000000,4.500000,0.000000,1.845066
-9.000000,5.000000,0.000000,2.859546
-9.000000,5.500000,0.000000,1.361369
-9.000000,6.000000,0.000000,0.961110
-9.000000,6.500000,0.000000,1.355413
-9.000000,7.000000,0.000000,1.786296
-9.000000,7.500000,0.000000,1.755794
-9.000000,8.000000,0.000000,1.594039
-9.000000,8.500000,0.000000,2.681731
-9.000000,9.000000,0.000000,3.232371
-9.000000,9.500000,0.000000,2.443954
-9.000000,10.000000,0.000000,1.040000
-8.500000,-13.000000,0.000000,1.040000
-8.500000,-12.500000,0.000000,3.196708
-8.500000,-12.000000,0.000000,1.560560
-8.500000,-11.500000,0.000000,1.044219
-8.500000,-11.000000,0.000000,1.238281
-8.500000,-10.500000,0.000000,2.109378
-8.500000,-10.000000,0.000000,1.512300
-8.500000,-9.500000,0.000000,1.132153
-8.500000,-9.000000,0.000000,0.979870
-8.500000,-8.500000,0.000000,0.952312
-8.500000,-8.000000,0.000000,0.884134
-8.500000,-7.500000,0.000000,1.251898
-8.500000,-7.000000,0.000000,1.711558
-8.500000,-6.500000,0.000000,1.942471
-8.500000,-6.000000,0.000000,2.107571
-8.500000,-5.500000,0.000000,1.693426
-8.500000,-5.000000,0.000000,1.395686
-8.500000,-4.500000,0.000000,1.618896
-8.500000,-4.000000,0.000000,1.099555
-8.500000,-3.500000,0.000000,0.884368
-8.500000,-3.000000,0.000000,1.076504
-8.500000,-2.500000,0.000000,1.269186
-8.500000,-2.000000,0.000000,1.196900
-8.500000,-1.500000,0.000000,1.133587
-8.500000,-1.000000,0.000000,1.462216
-8.500000,-0.500000,0.000000,2.095892
-8.500000,0.000000,0.000000,3.370338
-8.500000,0.500000,0.000000,2.957790
-8.500000,1.000000,0.000000,1.677525
-8.500000,1.500000,0.000000,1.444052
-8.500000,2.000000,0.000000,1.082895
-8.500000,2.500000,0.000000,1.074685
-8.500000,3.000000,0.000000,1.467694
-8.500000,3.500000,0.000000,1.344057
-8.500000,4.000000,0.000000,1.049910
-8.500000,4.500000,0.000000,1.657820
-8.500000,5.000000,0.000000,3.566336
-8.500000,5.500000,0.000000,1.691466
-8.500000,6.000000,0.000000,0.880009
-8.500000,6.500000,0.000000,1.355604
-8.500000,7.000000,0.000000,1.848113
-8.500000,7.500000,0.000000,1.341165
-8.500000,8.000000,0.000000,1.447703
-8.500000,8.500000,0.000000,1.831207
-8.500000,9.000000,0.000000,1.596098
-8.500000,9.500000,0.000000,1.750528
-8.500000,10.000000,0.000000,2.726997
-8.500000,10.500000,0.000000,2.996405
-8.500000,11.000000,0.000000,0.520000
-8.000000,-13.500000,0.000000,0.260000
-8.000000,-13.000000,0.000000,3.392120
-8.000000,-12.500000,0.000000,1.560361
-8.000000,-12.000000,0.000000,1.195131
-8.000000,-11.500000,0.000000,1.080358
-8.000000,-11.000000,0.000000,1.072886
-8.000000,-10.500000,0.000000,1.837566
-8.000000,-10.000000,0.000000,1.543604
-8.000000,-9.500000,0.000000,1.228682
-8.000000,-9.000000,0.000000,0.998771
-8.000000,-8.500000,0.000000,0.849289
-8.000000,-8.000000,0.000000,0.847128
-8.000000,-7.500000,0.000000,0.978418
-8.000000,-7.000000,0.000000,1.450667
-8.000000,-6.500000,0.000000,1.730288
-8.000000,-6.000000,0.000000,1.755414
-8.000000,-5.500000,0.000000,1.625707
-8.000000,-5.000000,0.000000,1.389394
-8.000000,-4.500000,0.000000,1.475586
-8.000000,-4.000000,0.000000,1.030525
-8.000000,-3.500000,0.000000,0.993629
-8.000000,-3.000000,0.000000,1.212336
-8.000000,-2.500000,0.000000,1.034574
-8.000000,-2.000000,0.000000,1.051058
-8.000000,-1.500000,0.000000,1.523233
-8.000000,-1.000000,0.000000,1.740456
-8.000000,-0.500000,0.000000,2.686050
-8.000000,0.000000,0.000000,3.492638
-8.000000,0.500000,0.000000,2.878856
-8.000000,1.000000,0.000000,2.172780
-8.000000,1.500000,0.000000,1.734770
-8.000000,2.000000,0.000000,1.547260
-8.000000,2.500000,0.000000,1.531659
-8.000000,3.000000,0.000000,1.678559
-8.000000,3.500000,0.000000,1.180415
-8.000000,4.000000,0.000000,1.115667
-8.000000,4.500000,0.000000,1.733498
-8.000000,5.000000,0.000000,3.754973
-8.000000,5.500000,0.000000,1.776453
-8.000000,6.000000,0.000000,0.877547
-8.000000,6.500000,0.000000,1.161622
-8.000000,7.000000,0.000000,1.504777
-8.000000,7.500000,0.000000,1.299648
-8.000000,8.000000,0.000000,1.614159
-8.000000,8.500000,0.000000,1.711513
-8.000000,9.000000,0.000000,1.329542
-8.000000,9.500000,0.000000,1.376122
-8.000000,10.000000,0.000000,1.651631
-8.000000,10.500000,0.000000,2.433017
-8.000000,11.000000,0.000000,3.784213
-8.000000,11.500000,0.000000,1.788459
-7.500000,-13.500000,0.000000,2.914930
-7.500000,-13.000000,0.000000,2.127299
-7.500000,-12.500000,0.000000,1.282938
-7.500000,-12.000000,0.000000,1.345129
-7.500000,-11.500000,0.000000,1.271394
-7.500000,-11.000000,0.000000,0.863585
-7.500000,-10.500000,0.000000,1.451099
-7.500000,-10.000000,0.000000,1.659276
-7.500000,-9.500000,0.000000,1.261406
-7.500000,-9.000000,0.000000,0.918048
-7.500000,-8.500000,0.000000,0.847032
-7.500000,-8.000000,0.000000,0.846390
-7.500000,-7.500000,0.000000,0.990095
-7.500000,-7.000000,0.000000,1.279207
-7.500000,-6.500000,0.000000,1.565319
-7.500000,-6.000000,0.000000,1.651942
-7.500000,-5.500000,0.000000,1.607764
-7.500000,-5.000000,0.000000,1.342507
-7.500000,-4.500000,0.000000,1.351007
-7.500000,-4.000000,0.000000,0.971369
-7.500000,-3.500000,0.000000,1.090781
-7.500000,-3.000000,0.000000,1.027774
-7.500000,-2.500000,0.000000,1.037788
-7.500000,-2.000000,0.000000,1.551313
-7.500000,-1.500000,0.000000,1.993597
-7.500000,-1.000000,0.000000,1.643855
-7.500000,-0.500000,0.000000,1.590285
-7.500000,0.000000,0.000000,2.302888
-7.500000,0.500000,0.000000,3.187276
-7.500000,1.000000,0.000000,3.064530
-7.500000,1.500000,0.000000,2.130408
-7.500000,2.000000,0.000000,1.772886
-7.500000,2.500000,0.000000,2.036551
-7.500000,3.000000,0.000000,2.815918
-7.500000,3.500000,0.000000,1.521068
-7.500000,4.000000,0.000000,1.303006
-7.500000,4.500000,0.000000,1.830934
-7.500000,5.000000,0.000000,2.770561
-7.500000,5.500000,0.000000,1.352766
-7.500000,6.000000,0.000000,0.850715
-7.500000,6.500000,0.000000,0.948738
-7.500000,7.000000,0.000000,1.332934
-7.500000,7.500000,0.000000,1.260357
-7.500000,8.000000,0.000000,1.467484
-7.500000,8.500000,0.000000,1.539768
-7.500000,9.000000,0.000000,1.240324
-7.500000,9.500000,0.000000,1.473047
-7.500000,10.000000,0.000000,1.730349
-7.500000,10.500000,0.000000,2.208865
-7.500000,11.000000,0.000000,2.618250
-7.500000,11.500000,0.000000,3.083342
-7.500000,12.000000,0.000000,2.927485
-7.500000,12.500000,0.000000,0.260000
-7.000000,-14.000000,0.000000,2.011948
-7.000000,-13.500000,0.000000,2.092506
-7.000000,-13.000000,0.000000,1.462294
-7.000000,-12.500000,0.000000,1.358030
-7.000000,-12.000000,0.000000,1.431436
-7.000000,-11.500000,0.000000,1.317381
-7.000000,-11.000000,0.000000,0.850251
-7.000000,-10.500000,0.000000,1.122174
-7.000000,-10.000000,0.000000,1.610590
-7.000000,-9.500000,0.000000,1.401199
-7.000000,-9.000000,0.000000,0.851661
-7.000000,-8.500000,0.000000,0.846307
-7.000000,-8.000000,0.000000,0.846734
-7.000000,-7.500000,0.000000,0.877518
-7.000000,-7.000000,0.000000,1.040244
-7.000000,-6.500000,0.000000,1.174633
-7.000000,-6.000000,0.000000,1.233309
-7.000000,-5.500000,0.000000,1.143050
-7.000000,-5.000000,0.000000,0.975259
-7.000000,-4.500000,0.000000,0.957554
-7.000000,-4.000000,0.000000,0.891617
-7.000000,-3.500000,0.000000,0.982273
-7.000000,-3.000000,0.000000,0.914869
-7.000000,-2.500000,0.000000,1.805744
-7.000000,-2.000000,0.000000,3.282394
-7.000000,-1.500000,0.000000,2.840117
-7.000000,-1.000000,0.000000,1.510954
-7.000000,-0.500000,0.000000,1.449245
-7.000000,0.000000,0.000000,2.018790
-7.000000,0.500000,0.000000,1.976671
-7.000000,1.000000,0.000000,1.646620
-7.000000,1.500000,0.000000,1.617843
-7.000000,2.000000,0.000000,1.682632
-7.000000,2.500000,0.000000,1.789056
-7.000000,3.000000,0.000000,2.924271
-7.000000,3.500000,0.000000,1.794429
-7.000000,4.000000,0.000000,1.474242
-7.000000,4.500000,0.000000,2.101698
-7.000000,5.000000,0.000000,2.230565
-7.000000,5.500000,0.000000,1.133500
-7.000000,6.000000,0.000000,0.929741
-7.000000,6.500000,0.000000,0.915837
-7.000000,7.000000,0.000000,1.163748
-7.000000,7.500000,0.000000,1.218266
-7.000000,8.000000,0.000000,1.248663
-7.000000,8.500000,0.000000,1.262466
-7.000000,9.000000,0.000000,1.061338
-7.000000,9.500000,0.000000,1.344207
-7.000000,10.000000,0.000000,1.522396
-7.000000,10.500000,0.000000,2.153589
-7.000000,11.000000,0.000000,2.272614
-7.000000,11.500000,0.000000,1.727777
-7.000000,12.000000,0.000000,2.411018
-7.000000,12.500000,0.000000,3.061330
-7.000000,13.000000,0.000000,0.260000
-6.500000,-14.500000,0.000000,0.260000
-6.500000,-14.000000,0.000000,3.067747
-6.500000,-13.500000,0.000000,1.570438
-6.500000,-13.000000,0.000000,1.281783
-6.500000,-12.500000,0.000000,1.480773
-6.500000,-12.000000,0.000000,1.533122
-6.500000,-11.500000,0.000000,1.321089
-6.500000,-11.000000,0.000000,0.846989
-6.500000,-10.500000,0.000000,0.878283
-6.500000,-10.000000,0.000000,1.264504
-6.500000,-9.500000,0.000000,1.384563
-6.500000,-9.000000,0.000000,0.894968
-6.500000,-8.500000,0.000000,0.847659
-6.500000,-8.000000,0.000000,0.850748
-6.500000,-7.500000,0.000000,0.850261
-6.500000,-7.000000,0.000000,0.848411
-6.500000,-6.500000,0.000000,0.850340
-6.500000,-6.000000,0.000000,0.854145
-6.500000,-5.500000,0.000000,0.851473
-6.500000,-5.000000,0.000000,0.853699
-6.500000,-4.500000,0.000000,0.851133
-6.500000,-4.000000,0.000000,0.853966
-6.500000,-3.500000,0.000000,0.854660
-6.500000,-3.000000,0.000000,1.169248
-6.500000,-2.500000,0.000000,2.238070
-6.500000,-2.000000,0.000000,2.661421
-6.500000,-1.500000,0.000000,1.952140
-6.500000,-1.000000,0.000000,1.432483
-6.500000,-0.500000,0.000000,1.385769
-6.500000,0.000000,0.000000,1.591590
-6.500000,0.500000,0.000000,1.575050
-6.500000,1.000000,0.000000,1.524251
-6.500000,1.500000,0.000000,1.480429
-6.500000,2.000000,0.000000,1.520313
-6.500000,2.500000,0.000000,1.601241
-6.500000,3.000000,0.000000,2.193103
-6.500000,3.500000,0.000000,1.849972
-6.500000,4.000000,0.000000,1.610133
-6.500000,4.500000,0.000000,2.392744
-6.500000,5.000000,0.000000,2.100272
-6.500000,5.500000,0.000000,1.193715
-6.500000,6.000000,0.000000,1.072955
-6.500000,6.500000,0.000000,1.018477
-6.500000,7.000000,0.000000,1.001497
-6.500000,7.500000,0.000000,1.107079
-6.500000,8.000000,0.000000,1.011621
-6.500000,8.500000,0.000000,0.885854
-6.500000,9.000000,0.000000,0.876686
-6.500000,9.500000,0.000000,1.155589
-6.500000,10.000000,0.000000,1.726648
-6.500000,10.500000,0.000000,2.416298
-6.500000,11.000000,0.000000,1.610571
-6.500000,11.500000,0.000000,1.399166
-6.500000,12.000000,0.000000,1.886506
-6.500000,12.500000,0.000000,3.862619
-6.500000,13.000000,0.000000,2.860000
-6.000000,-14.500000,0.000000,2.839771
-6.000000,-14.000000,0.000000,3.076747
-6.000000,-13.500000,0.000000,2.210301
-6.000000,-13.000000,0.000000,1.660425
-6.000000,-12.500000,0.000000,1.901068
-6.000000,-12.000000,0.000000,1.695622
-6.000000,-11.500000,0.000000,1.164398
-6.000000,-11.000000,0.000000,0.845761
-6.000000,-10.500000,0.000000,0.847403
-6.000000,-10.000000,0.000000,0.916004
-6.000000,-9.500000,0.000000,1.061391
-6.000000,-9.000000,0.000000,0.874710
-6.000000,-8.500000,0.000000,0.848470
-6.000000,-8.000000,0.000000,0.847140
-6.000000,-7.500000,0.000000,0.846829
-6.000000,-7.000000,0.000000,0.845506
-6.000000,-6.500000,0.000000,0.845306
-6.000000,-6.000000,0.000000,0.845169
-6.000000,-5.500000,0.000000,0.845799
-6.000000,-5.000000,0.000000,0.847061
-6.000000,-4.500000,0.000000,0.846387
-6.000000,-4.000000,0.000000,0.845832
-6.000000,-3.500000,0.000000,0.850971
-6.000000,-3.000000,0.000000,1.165655
-6.000000,-2.500000,0.000000,1.559205
-6.000000,-2.000000,0.000000,1.414911
-6.000000,-1.500000,0.000000,1.353648
-6.000000,-1.000000,0.000000,1.222485
-6.000000,-0.500000,0.000000,1.306217
-6.000000,0.000000,0.000000,1.266607
-6.000000,0.500000,0.000000,1.172824
-6.000000,1.000000,0.000000,1.235195
-6.000000,1.500000,0.000000,1.308389
-6.000000,2.000000,0.000000,1.367312
-6.000000,2.500000,0.000000,1.476306
-6.000000,3.000000,0.000000,1.682726
-6.000000,3.500000,0.000000,1.699080
-6.000000,4.000000,0.000000,1.627255
-6.000000,4.500000,0.000000,1.701971
-6.000000,5.000000,0.000000,1.953917
-6.000000,5.500000,0.000000,1.367470
-6.000000,6.000000,0.000000,1.182782
-6.000000,6.500000,0.000000,1.140415
-6.000000,7.000000,0.000000,0.899788
-6.000000,7.500000,0.000000,0.876837
-6.000000,8.000000,0.000000,0.848328
-6.000000,8.500000,0.000000,0.854248
-6.000000,9.000000,0.000000,1.155442
-6.000000,9.500000,0.000000,1.854738
-6.000000,10.000000,0.000000,2.134285
-6.000000,10.500000,0.000000,1.523870
-6.000000,11.000000,0.000000,1.207254
-6.000000,11.500000,0.000000,1.634357
-6.000000,12.000000,0.000000,2.902210
-6.000000,12.500000,0.000000,3.971694
-6.000000,13.000000,0.000000,4.146114
-6.000000,13.500000,0.000000,1.820000
-5.500000,-15.000000,0.000000,1.559674
-5.500000,-14.500000,0.000000,2.361816
-5.500000,-14.000000,0.000000,1.594285
-5.500000,-13.500000,0.000000,1.872794
-5.500000,-13.000000,0.000000,2.208056
-5.500000,-12.500000,0.000000,1.845367
-5.500000,-12.000000,0.000000,1.438610
-5.500000,-11.500000,0.000000,0.932898
-5.500000,-11.000000,0.000000,0.848147
-5.500000,-10.500000,0.000000,0.849343
-5.500000,-10.000000,0.000000,0.851182
-5.500000,-9.500000,0.000000,0.850005
-5.500000,-9.000000,0.000000,0.847484
-5.500000,-8.500000,0.000000,0.844741
-5.500000,-8.000000,0.000000,0.847911
-5.500000,-7.500000,0.000000,0.882502
-5.500000,-7.000000,0.000000,0.927740
-5.500000,-6.500000,0.000000,0.925304
-5.500000,-6.000000,0.000000,0.856310
-5.500000,-5.500000,0.000000,0.843685
-5.500000,-5.000000,0.000000,0.844986
-5.500000,-4.500000,0.000000,0.845091
-5.500000,-4.000000,0.000000,0.845150
-5.500000,-3.500000,0.000000,0.848594
-5.500000,-3.000000,0.000000,0.903501
-5.500000,-2.500000,0.000000,0.973990
-5.500000,-2.000000,0.000000,0.943886
-5.500000,-1.500000,0.000000,1.188046
-5.500000,-1.000000,0.000000,1.361227
-5.500000,-0.500000,0.000000,1.413777
-5.500000,0.000000,0.000000,1.419304
-5.500000,0.500000,0.000000,1.402598
-5.500000,1.000000,0.000000,1.412751
-5.500000,1.500000,0.000000,1.358752
-5.500000,2.000000,0.000000,1.277656
-5.500000,2.500000,0.000000,1.135063
-5.500000,3.000000,0.000000,1.312541
-5.500000,3.500000,0.000000,1.377905
-5.500000,4.000000,0.000000,1.397519
-5.500000,4.500000,0.000000,1.384930
-5.500000,5.000000,0.000000,1.615748
-5.500000,5.500000,0.000000,1.385063
-5.500000,6.000000,0.000000,1.207994
-5.500000,6.500000,0.000000,1.108175
-5.500000,7.000000,0.000000,0.893036
-5.500000,7.500000,0.000000,0.849309
-5.500000,8.000000,0.000000,0.847849
-5.500000,8.500000,0.000000,0.993617
-5.500000,9.000000,0.000000,1.478493
-5.500000,9.500000,0.000000,1.697559
-5.500000,10.000000,0.000000,1.369478
-5.500000,10.500000,0.000000,1.066553
-5.500000,11.000000,0.000000,1.706055
-5.500000,11.500000,0.000000,2.085978
-5.500000,12.000000,0.000000,2.062498
-5.500000,12.500000,0.000000,1.691250
-5.500000,13.000000,0.000000,2.513967
-5.500000,13.500000,0.000000,3.769976
-5.500000,14.000000,0.000000,0.260000
-5.000000,-15.000000,0.000000,2.545892
-5.000000,-14.500000,0.000000,1.544763
-5.000000,-14.000000,0.000000,1.280790
-5.000000,-13.500000,0.000000,1.556963
-5.000000,-13.000000,0.000000,1.698120
-5.000000,-12.500000,0.000000,1.405370
-5.000000,-12.000000,0.000000,0.938843
-5.000000,-11.500000,0.000000,0.845143
-5.000000,-11.000000,0.000000,0.846158
-5.000000,-10.500000,0.000000,0.850546
-5.000000,-10.000000,0.000000,0.845226
-5.000000,-9.500000,0.000000,0.847237
-5.000000,-9.000000,0.000000,0.891437
-5.000000,-8.500000,0.000000,0.913867
-5.000000,-8.000000,0.000000,1.455449
-5.000000,-7.500000,0.000000,3.058679
-5.000000,-7.000000,0.000000,3.308797
-5.000000,-6.500000,0.000000,3.152912
-5.000000,-6.000000,0.000000,2.412349
-5.000000,-5.500000,0.000000,1.532280
-5.000000,-5.000000,0.000000,1.096577
-5.000000,-4.500000,0.000000,0.914998
-5.000000,-4.000000,0.000000,0.843886
-5.000000,-3.500000,0.000000,0.847077
-5.000000,-3.000000,0.000000,0.849562
-5.000000,-2.500000,0.000000,0.868372
-5.000000,-2.000000,0.000000,1.045609
-5.000000,-1.500000,0.000000,1.276278
-5.000000,-1.000000,0.000000,1.382679
-5.000000,-0.500000,0.000000,1.457999
-5.000000,0.000000,0.000000,1.515915
-5.000000,0.500000,0.000000,1.505729
-5.000000,1.000000,0.000000,1.530385
-5.000000,1.500000,0.000000,1.527263
-5.000000,2.000000,0.000000,1.546145
-5.000000,2.500000,0.000000,1.531736
-5.000000,3.000000,0.000000,1.420092
-5.000000,3.500000,0.000000,1.181273
-5.000000,4.000000,0.000000,0.952969
-5.000000,4.500000,0.000000,0.885815
-5.000000,5.000000,0.000000,0.967319
-5.000000,5.500000,0.000000,0.959734
-5.000000,6.000000,0.000000,0.901230
-5.000000,6.500000,0.000000,0.855975
-5.000000,7.000000,0.000000,0.846983
-5.000000,7.500000,0.000000,0.847141
-5.000000,8.000000,0.000000,0.847764
-5.000000,8.500000,0.000000,0.978638
-5.000000,9.000000,0.000000,1.125667
-5.000000,9.500000,0.000000,1.131227
-5.000000,10.000000,0.000000,0.976833
-5.000000,10.500000,0.000000,1.203159
-5.000000,11.000000,0.000000,1.541841
-5.000000,11.500000,0.000000,1.469532
-5.000000,12.000000,0.000000,1.383307
-5.000000,12.500000,0.000000,1.579122
-5.000000,13.000000,0.000000,2.155218
-5.000000,13.500000,0.000000,3.250629
-5.000000,14.000000,0.000000,2.338018
-4.500000,-15.000000,0.000000,3.022164
-4.500000,-14.500000,0.000000,1.391645
-4.500000,-14.000000,0.000000,1.209596
-4.500000,-13.500000,0.000000,1.673645
-4.500000,-13.000000,0.000000,1.841703
-4.500000,-12.500000,0.000000,1.440237
-4.500000,-12.000000,0.000000,0.866014
-4.500000,-11.500000,0.000000,0.845896
-4.500000,-11.000000,0.000000,0.849481
-4.500000,-10.500000,0.000000,0.872518
-4.500000,-10.000000,0.000000,0.870852
-4.500000,-9.500000,0.000000,0.999730
-4.500000,-9.000000,0.000000,1.287933
-4.500000,-8.500000,0.000000,1.365655
-4.500000,-8.000000,0.000000,1.194909
-4.500000,-7.500000,0.000000,2.849814
-4.500000,-7.000000,0.000000,4.052818
-4.500000,-6.500000,0.000000,4.159504
-4.500000,-6.000000,0.000000,4.120383
-4.500000,-5.500000,0.000000,3.776149
-4.500000,-5.000000,0.000000,3.018123
-4.500000,-4.500000,0.000000,1.457611
-4.500000,-4.000000,0.000000,0.876835
-4.500000,-3.500000,0.000000,0.857620
-4.500000,-3.000000,0.000000,0.850729
-4.500000,-2.500000,0.000000,0.852837
-4.500000,-2.000000,0.000000,0.848350
-4.500000,-1.500000,0.000000,0.857744
-4.500000,-1.000000,0.000000,0.882706
-4.500000,-0.500000,0.000000,1.010798
-4.500000,0.000000,0.000000,1.285258
-4.500000,0.500000,0.000000,1.452074
-4.500000,1.000000,0.000000,1.536567
-4.500000,1.500000,0.000000,1.531924
-4.500000,2.000000,0.000000,1.555493
-4.500000,2.500000,0.000000,1.552123
-4.500000,3.000000,0.000000,1.555829
-4.500000,3.500000,0.000000,1.427085
-4.500000,4.000000,0.000000,1.252633
-4.500000,4.500000,0.000000,0.971031
-4.500000,5.000000,0.000000,0.849990
-4.500000,5.500000,0.000000,0.845941
-4.500000,6.000000,0.000000,0.846015
-4.500000,6.500000,0.000000,0.845664
-4.500000,7.000000,0.000000,0.846144
-4.500000,7.500000,0.000000,0.845794
-4.500000,8.000000,0.000000,0.846844
-4.500000,8.500000,0.000000,0.860738
-4.500000,9.000000,0.000000,0.940237
-4.500000,9.500000,0.000000,1.029482
-4.500000,10.000000,0.000000,1.048684
-4.500000,10.500000,0.000000,1.172470
-4.500000,11.000000,0.000000,1.251299
-4.500000,11.500000,0.000000,1.231419
-4.500000,12.000000,0.000000,1.486385
-4.500000,12.500000,0.000000,2.292919
-4.500000,13.000000,0.000000,2.717046
-4.500000,13.500000,0.000000,2.744177
-4.500000,14.000000,0.000000,3.550202
-4.000000,-15.500000,0.000000,1.300000
-4.000000,-15.000000,0.000000,2.360148
-4.000000,-14.500000,0.000000,1.397342
-4.000000,-14.000000,0.000000,1.579710
-4.000000,-13.500000,0.000000,2.180550
-4.000000,-13.000000,0.000000,1.656438
-4.000000,-12.500000,0.000000,1.169448
-4.000000,-12.000000,0.000000,0.846179
-4.000000,-11.500000,0.000000,0.857049
-4.000000,-11.000000,0.000000,0.994242
-4.000000,-10.500000,0.000000,0.960486
-4.000000,-10.000000,0.000000,1.142830
-4.000000,-9.500000,0.000000,1.274755
-4.000000,-9.000000,0.000000,1.095531
-4.000000,-8.500000,0.000000,1.108260
-4.000000,-8.000000,0.000000,1.079361
-4.000000,-7.500000,0.000000,1.394503
-4.000000,-7.000000,0.000000,2.692491
-4.000000,-6.500000,0.000000,3.932623
-4.000000,-6.000000,0.000000,4.159528
-4.000000,-5.500000,0.000000,4.151423
-4.000000,-5.000000,0.000000,3.837017
-4.000000,-4.500000,0.000000,2.269542
-4.000000,-4.000000,0.000000,1.112217
-4.000000,-3.500000,0.000000,1.135687
-4.000000,-3.000000,0.000000,0.951032
-4.000000,-2.500000,0.000000,0.866937
-4.000000,-2.000000,0.000000,0.849373
-4.000000,-1.500000,0.000000,0.869091
-4.000000,-1.000000,0.000000,0.870424
-4.000000,-0.500000,0.000000,0.859123
-4.000000,0.000000,0.000000,0.935730
-4.000000,0.500000,0.000000,1.033087
-4.000000,1.000000,0.000000,1.133310
-4.000000,1.500000,0.000000,1.290732
-4.000000,2.000000,0.000000,1.411896
-4.000000,2.500000,0.000000,1.405773
-4.000000,3.000000,0.000000,1.329316
-4.000000,3.500000,0.000000,1.189811
-4.000000,4.000000,0.000000,1.113300
-4.000000,4.500000,0.000000,0.952482
-4.000000,5.000000,0.000000,0.901117
-4.000000,5.500000,0.000000,0.866303
-4.000000,6.000000,0.000000,0.848248
-4.000000,6.500000,0.000000,0.856606
-4.000000,7.000000,0.000000,0.848238
-4.000000,7.500000,0.000000,0.846195
-4.000000,8.000000,0.000000,0.846138
-4.000000,8.500000,0.000000,0.845689
-4.000000,9.000000,0.000000,0.847815
-4.000000,9.500000,0.000000,0.863749
-4.000000,10.000000,0.000000,1.122318
-4.000000,10.500000,0.000000,1.410614
-4.000000,11.000000,0.000000,1.670107
-4.000000,11.500000,0.000000,1.735163
-4.000000,12.000000,0.000000,2.479911
-4.000000,12.500000,0.000000,3.465407
-4.000000,13.000000,0.000000,3.166035
-4.000000,13.500000,0.000000,2.892323
-4.000000,14.000000,0.000000,3.423904
-4.000000,14.500000,0.000000,1.820000
-3.500000,-15.500000,0.000000,2.832977
-3.500000,-15.000000,0.000000,1.645457
-3.500000,-14.500000,0.000000,1.379756
-3.500000,-14.000000,0.000000,1.852386
-3.500000,-13.500000,0.000000,2.343680
-3.500000,-13.000000,0.000000,1.510585
-3.500000,-12.500000,0.000000,0.885902
-3.500000,-12.000000,0.000000,0.853695
-3.500000,-11.500000,0.000000,1.010603
-3.500000,-11.000000,0.000000,1.265851
-3.500000,-10.500000,0.000000,1.294570
-3.500000,-10.000000,0.000000,1.438301
-3.500000,-9.500000,0.000000,1.093467
-3.500000,-9.000000,0.000000,1.308505
-3.500000,-8.500000,0.000000,1.360023
-3.500000,-8.000000,0.000000,1.386272
-3.500000,-7.500000,0.000000,1.612597
-3.500000,-7.000000,0.000000,1.407583
-3.500000,-6.500000,0.000000,2.394684
-3.500000,-6.000000,0.000000,3.827633
-3.500000,-5.500000,0.000000,3.880250
-3.500000,-5.000000,0.000000,2.917034
-3.500000,-4.500000,0.000000,1.859558
-3.500000,-4.000000,0.000000,1.140087
-3.500000,-3.500000,0.000000,1.347893
-3.500000,-3.000000,0.000000,1.230805
-3.500000,-2.500000,0.000000,1.076319
-3.500000,-2.000000,0.000000,0.897659
-3.500000,-1.500000,0.000000,0.861074
-3.500000,-1.000000,0.000000,0.863572
-3.500000,-0.500000,0.000000,0.854548
-3.500000,0.000000,0.000000,0.850612
-3.500000,0.500000,0.000000,0.874220
-3.500000,1.000000,0.000000,1.030908
-3.500000,1.500000,0.000000,1.063613
-3.500000,2.000000,0.000000,0.943569
-3.500000,2.500000,0.000000,0.989307
-3.500000,3.000000,0.000000,0.969426
-3.500000,3.500000,0.000000,0.954144
-3.500000,4.000000,0.000000,0.922178
-3.500000,4.500000,0.000000,1.115486
-3.500000,5.000000,0.000000,1.407542
-3.500000,5.500000,0.000000,1.409190
-3.500000,6.000000,0.000000,1.034397
-3.500000,6.500000,0.000000,0.888184
-3.500000,7.000000,0.000000,0.846589
-3.500000,7.500000,0.000000,0.844941
-3.500000,8.000000,0.000000,0.845598
-3.500000,8.500000,0.000000,0.845338
-3.500000,9.000000,0.000000,0.846521
-3.500000,9.500000,0.000000,0.846638
-3.500000,10.000000,0.000000,0.859134
-3.500000,10.500000,0.000000,0.956310
-3.500000,11.000000,0.000000,1.229153
-3.500000,11.500000,0.000000,1.722529
-3.500000,12.000000,0.000000,2.193980
-3.500000,12.500000,0.000000,2.025907
-3.500000,13.000000,0.000000,2.569375
-3.500000,13.500000,0.000000,2.948437
-3.500000,14.000000,0.000000,3.316498
-3.500000,14.500000,0.000000,2.079974
-3.000000,-15.500000,0.000000,3.059950
-3.000000,-15.000000,0.000000,1.579361
-3.000000,-14.500000,0.000000,1.771589
-3.000000,-14.000000,0.000000,1.661537
-3.000000,-13.500000,0.000000,1.126852
-3.000000,-13.000000,0.000000,0.908901
-3.000000,-12.500000,0.000000,0.854110
-3.000000,-12.000000,0.000000,0.862152
-3.000000,-11.500000,0.000000,0.946937
-3.000000,-11.000000,0.000000,0.953783
-3.000000,-10.500000,0.000000,1.535791
-3.000000,-10.000000,0.000000,1.785562
-3.000000,-9.500000,0.000000,1.182526
-3.000000,-9.000000,0.000000,1.670307
-3.000000,-8.500000,0.000000,2.482970
-3.000000,-8.000000,0.000000,2.439475
-3.000000,-7.500000,0.000000,2.848211
-3.000000,-7.000000,0.000000,1.345104
-3.000000,-6.500000,0.000000,1.035903
-3.000000,-6.000000,0.000000,2.190082
-3.000000,-5.500000,0.000000,2.908048
-3.000000,-5.000000,0.000000,2.068447
-3.000000,-4.500000,0.000000,1.832217
-3.000000,-4.000000,0.000000,1.187641
-3.000000,-3.500000,0.000000,1.425969
-3.000000,-3.000000,0.000000,1.507023
-3.000000,-2.500000,0.000000,1.332798
-3.000000,-2.000000,0.000000,0.965131
-3.000000,-1.500000,0.000000,0.907394
-3.000000,-1.000000,0.000000,0.926935
-3.000000,-0.500000,0.000000,0.968266
-3.000000,0.000000,0.000000,0.904518
-3.000000,0.500000,0.000000,0.867195
-3.000000,1.000000,0.000000,0.856252
-3.000000,1.500000,0.000000,0.874168
-3.000000,2.000000,0.000000,0.964880
-3.000000,2.500000,0.000000,0.927594
-3.000000,3.000000,0.000000,0.926056
-3.000000,3.500000,0.000000,0.937833
-3.000000,4.000000,0.000000,1.208358
-3.000000,4.500000,0.000000,1.488428
-3.000000,5.000000,0.000000,1.566206
-3.000000,5.500000,0.000000,1.559540
-3.000000,6.000000,0.000000,2.083186
-3.000000,6.500000,0.000000,1.932179
-3.000000,7.000000,0.000000,0.858957
-3.000000,7.500000,0.000000,0.844811
-3.000000,8.000000,0.000000,0.845206
-3.000000,8.500000,0.000000,0.846829
-3.000000,9.000000,0.000000,0.855242
-3.000000,9.500000,0.000000,0.862313
-3.000000,10.000000,0.000000,0.858043
-3.000000,10.500000,0.000000,0.853122
-3.000000,11.000000,0.000000,0.860927
-3.000000,11.500000,0.000000,0.954774
-3.000000,12.000000,0.000000,1.081332
-3.000000,12.500000,0.000000,1.499848
-3.000000,13.000000,0.000000,2.099916
-3.000000,13.500000,0.000000,2.999416
-3.000000,14.000000,0.000000,3.391697
-3.000000,14.500000,0.000000,4.140910
-2.500000,-15.500000,0.000000,2.753301
-2.500000,-15.000000,0.000000,1.695248
-2.500000,-14.500000,0.000000,1.617785
-2.500000,-14.000000,0.000000,0.966783
-2.500000,-13.500000,0.000000,0.885233
-2.500000,-13.000000,0.000000,0.872231
-2.500000,-12.500000,0.000000,0.888678
-2.500000,-12.000000,0.000000,0.867591
-2.500000,-11.500000,0.000000,1.020637
-2.500000,-11.000000,0.000000,1.308002
-2.500000,-10.500000,0.000000,1.700314
-2.500000,-10.000000,0.000000,2.323114
-2.500000,-9.500000,0.000000,1.224230
-2.500000,-9.000000,0.000000,1.227752
-2.500000,-8.500000,0.000000,2.033533
-2.500000,-8.000000,0.000000,2.988795
-2.500000,-7.500000,0.000000,2.098153
-2.500000,-7.000000,0.000000,1.513972
-2.500000,-6.500000,0.000000,1.074839
-2.500000,-6.000000,0.000000,0.894569
-2.500000,-5.500000,0.000000,1.495691
-2.500000,-5.000000,0.000000,1.309501
-2.500000,-4.500000,0.000000,1.350030
-2.500000,-4.000000,0.000000,1.481070
-2.500000,-3.500000,0.000000,1.534611
-2.500000,-3.000000,0.000000,1.565348
-2.500000,-2.500000,0.000000,1.524801
-2.500000,-2.000000,0.000000,1.220557
-2.500000,-1.500000,0.000000,0.987085
-2.500000,-1.000000,0.000000,1.020764
-2.500000,-0.500000,0.000000,1.165112
-2.500000,0.000000,0.000000,1.032580
-2.500000,0.500000,0.000000,0.957133
-2.500000,1.000000,0.000000,0.891657
-2.500000,1.500000,0.000000,0.854882
-2.500000,2.000000,0.000000,0.864711
-2.500000,2.500000,0.000000,0.882542
-2.500000,3.000000,0.000000,0.969582
-2.500000,3.500000,0.000000,1.277925
-2.500000,4.000000,0.000000,1.526174
-2.500000,4.500000,0.000000,1.568267
-2.500000,5.000000,0.000000,1.571975
-2.500000,5.500000,0.000000,1.667108
-2.500000,6.000000,0.000000,3.333285
-2.500000,6.500000,0.000000,1.964045
-2.500000,7.000000,0.000000,0.843470
-2.500000,7.500000,0.000000,0.845195
-2.500000,8.000000,0.000000,0.848665
-2.500000,8.500000,0.000000,0.852149
-2.500000,9.000000,0.000000,1.155136
-2.500000,9.500000,0.000000,1.493779
-2.500000,10.000000,0.000000,1.468907
-2.500000,10.500000,0.000000,1.072023
-2.500000,11.000000,0.000000,0.862501
-2.500000,11.500000,0.000000,0.889783
-2.500000,12.000000,0.000000,0.891033
-2.500000,12.500000,0.000000,1.071198
-2.500000,13.000000,0.000000,1.820960
-2.500000,13.500000,0.000000,2.533263
-2.500000,14.000000,0.000000,2.691485
-2.500000,14.500000,0.000000,3.790385
-2.500000,15.000000,0.000000,1.040000
-2.000000,-15.500000,0.000000,2.614578
-2.000000,-15.000000,0.000000,1.303263
-2.000000,-14.500000,0.000000,1.423345
-2.000000,-14.000000,0.000000,1.110023
-2.000000,-13.500000,0.000000,1.372451
-2.000000,-13.000000,0.000000,0.933318
-2.000000,-12.500000,0.000000,0.870779
-2.000000,-12.000000,0.000000,0.883524
-2.000000,-11.500000,0.000000,1.033334
-2.000000,-11.000000,0.000000,2.151158
-2.000000,-10.500000,0.000000,2.905671
-2.000000,-10.000000,0.000000,2.523240
-2.000000,-9.500000,0.000000,1.772605
-2.000000,-9.000000,0.000000,1.275578
-2.000000,-8.500000,0.000000,1.733652
-2.000000,-8.000000,0.000000,2.478494
-2.000000,-7.500000,0.000000,1.579618
-2.000000,-7.000000,0.000000,1.544478
-2.000000,-6.500000,0.000000,1.285365
-2.000000,-6.000000,0.000000,0.943088
-2.000000,-5.500000,0.000000,0.851336
-2.000000,-5.000000,0.000000,0.870598
-2.000000,-4.500000,0.000000,1.028107
-2.000000,-4.000000,0.000000,1.785233
-2.000000,-3.500000,0.000000,1.547753
-2.000000,-3.000000,0.000000,1.560155
-2.000000,-2.500000,0.000000,1.554751
-2.000000,-2.000000,0.000000,1.414324
-2.000000,-1.500000,0.000000,1.119243
-2.000000,-1.000000,0.000000,1.231651
-2.000000,-0.500000,0.000000,1.168255
-2.000000,0.000000,0.000000,1.204170
-2.000000,0.500000,0.000000,1.127809
-2.000000,1.000000,0.000000,0.999747
-2.000000,1.500000,0.000000,0.903913
-2.000000,2.000000,0.000000,1.000089
-2.000000,2.500000,0.000000,1.292989
-2.000000,3.000000,0.000000,1.427641
-2.000000,3.500000,0.000000,1.557615
-2.000000,4.000000,0.000000,1.569300
-2.000000,4.500000,0.000000,1.572517
-2.000000,5.000000,0.000000,1.581536
-2.000000,5.500000,0.000000,2.781334
-2.000000,6.000000,0.000000,3.064399
-2.000000,6.500000,0.000000,1.098220
-2.000000,7.000000,0.000000,0.843939
-2.000000,7.500000,0.000000,0.847764
-2.000000,8.000000,0.000000,0.901273
-2.000000,8.500000,0.000000,0.919626
-2.000000,9.000000,0.000000,1.235762
-2.000000,9.500000,0.000000,1.631195
-2.000000,10.000000,0.000000,1.767343
-2.000000,10.500000,0.000000,1.723648
-2.000000,11.000000,0.000000,1.151914
-2.000000,11.500000,0.000000,1.540788
-2.000000,12.000000,0.000000,1.608054
-2.000000,12.500000,0.000000,1.355463
-2.000000,13.000000,0.000000,1.166090
-2.000000,13.500000,0.000000,1.567342
-2.000000,14.000000,0.000000,1.815742
-2.000000,14.500000,0.000000,3.068905
-2.000000,15.000000,0.000000,2.080000
-1.500000,-15.500000,0.000000,3.128646
-1.500000,-15.000000,0.000000,1.616645
-1.500000,-14.500000,0.000000,1.953881
-1.500000,-14.000000,0.000000,1.124190
-1.500000,-13.500000,0.000000,1.660723
-1.500000,-13.000000,0.000000,1.262511
-1.500000,-12.500000,0.000000,1.090972
-1.500000,-12.000000,0.000000,1.171598
-1.500000,-11.500000,0.000000,1.036270
-1.500000,-11.000000,0.000000,1.348907
-1.500000,-10.500000,0.000000,2.005594
-1.500000,-10.000000,0.000000,2.120389
-1.500000,-9.500000,0.000000,1.746781
-1.500000,-9.000000,0.000000,1.449065
-1.500000,-8.500000,0.000000,2.190478
-1.500000,-8.000000,0.000000,2.455926
-1.500000,-7.500000,0.000000,1.550918
-1.500000,-7.000000,0.000000,1.608572
-1.500000,-6.500000,0.000000,1.306373
-1.500000,-6.000000,0.000000,1.045462
-1.500000,-5.500000,0.000000,1.000216
-1.500000,-5.000000,0.000000,0.887695
-1.500000,-4.500000,0.000000,1.252319
-1.500000,-4.000000,0.000000,2.493656
-1.500000,-3.500000,0.000000,1.609342
-1.500000,-3.000000,0.000000,1.574146
-1.500000,-2.500000,0.000000,1.572990
-1.500000,-2.000000,0.000000,1.560569
-1.500000,-1.500000,0.000000,1.504939
-1.500000,-1.000000,0.000000,1.415405
-1.500000,-0.500000,0.000000,1.309423
-1.500000,0.000000,0.000000,1.313508
-1.500000,0.500000,0.000000,1.229873
-1.500000,1.000000,0.000000,1.201468
-1.500000,1.500000,0.000000,1.131490
-1.500000,2.000000,0.000000,1.271504
-1.500000,2.500000,0.000000,2.342391
-1.500000,3.000000,0.000000,2.504859
-1.500000,3.500000,0.000000,1.927621
-1.500000,4.000000,0.000000,1.786689
-1.500000,4.500000,0.000000,2.038723
-1.500000,5.000000,0.000000,3.055801
-1.500000,5.500000,0.000000,3.834585
-1.500000,6.000000,0.000000,1.882281
-1.500000,6.500000,0.000000,0.844720
-1.500000,7.000000,0.000000,0.854395
-1.500000,7.500000,0.000000,0.877109
-1.500000,8.000000,0.000000,1.072577
-1.500000,8.500000,0.000000,1.503874
-1.500000,9.000000,0.000000,1.100138
-1.500000,9.500000,0.000000,1.567153
-1.500000,10.000000,0.000000,2.035441
-1.500000,10.500000,0.000000,1.908430
-1.500000,11.000000,0.000000,1.579854
-1.500000,11.500000,0.000000,2.414138
-1.500000,12.000000,0.000000,2.601003
-1.500000,12.500000,0.000000,1.980339
-1.500000,13.000000,0.000000,1.649139
-1.500000,13.500000,0.000000,1.446343
-1.500000,14.000000,0.000000,1.845688
-1.500000,14.500000,0.000000,3.173843
-1.500000,15.000000,0.000000,2.080000
-1.000000,-15.500000,0.000000,2.015863
-1.000000,-15.000000,0.000000,2.213408
-1.000000,-14.500000,0.000000,1.862671
-1.000000,-14.000000,0.000000,1.245501
-1.000000,-13.500000,0.000000,1.951567
-1.000000,-13.000000,0.000000,1.096187
-1.000000,-12.500000,0.000000,1.106144
-1.000000,-12.000000,0.000000,1.264083
-1.000000,-11.500000,0.000000,1.029266
-1.000000,-11.000000,0.000000,1.047474
-1.000000,-10.500000,0.000000,1.335508
-1.000000,-10.000000,0.000000,1.288587
-1.000000,-9.500000,0.000000,1.430447
-1.000000,-9.000000,0.000000,1.696219
-1.000000,-8.500000,0.000000,1.973024
-1.000000,-8.000000,0.000000,2.007712
-1.000000,-7.500000,0.000000,1.883391
-1.000000,-7.000000,0.000000,1.769009
-1.000000,-6.500000,0.000000,1.263156
-1.000000,-6.000000,0.000000,1.282030
-1.000000,-5.500000,0.000000,1.267268
-1.000000,-5.000000,0.000000,1.327904
-1.000000,-4.500000,0.000000,1.435631
-1.000000,-4.000000,0.000000,3.329856
-1.000000,-3.500000,0.000000,3.149827
-1.000000,-3.000000,0.000000,2.711550
-1.000000,-2.500000,0.000000,2.152189
-1.000000,-2.000000,0.000000,1.560034
-1.000000,-1.500000,0.000000,1.578110
-1.000000,-1.000000,0.000000,1.565314
-1.000000,-0.500000,0.000000,1.533480
-1.000000,0.000000,0.000000,1.422003
-1.000000,0.500000,0.000000,1.147380
-1.000000,1.000000,0.000000,1.260788
-1.000000,1.500000,0.000000,1.352815
-1.000000,2.000000,0.000000,2.235514
-1.000000,2.500000,0.000000,4.055050
-1.000000,3.000000,0.000000,4.159976
-1.000000,3.500000,0.000000,4.158820
-1.000000,4.000000,0.000000,4.077716
-1.000000,4.500000,0.000000,4.099314
-1.000000,5.000000,0.000000,4.153341
-1.000000,5.500000,0.000000,2.958943
-1.000000,6.000000,0.000000,0.932678
-1.000000,6.500000,0.000000,0.844134
-1.000000,7.000000,0.000000,0.921155
-1.000000,7.500000,0.000000,1.336457
-1.000000,8.000000,0.000000,1.531900
-1.000000,8.500000,0.000000,1.617153
-1.000000,9.000000,0.000000,1.479511
-1.000000,9.500000,0.000000,1.379180
-1.000000,10.000000,0.000000,2.481139
-1.000000,10.500000,0.000000,2.076817
-1.000000,11.000000,0.000000,1.706587
-1.000000,11.500000,0.000000,2.776858
-1.000000,12.000000,0.000000,3.299570
-1.000000,12.500000,0.000000,3.391897
-1.000000,13.000000,0.000000,2.491789
-1.000000,13.500000,0.000000,2.069778
-1.000000,14.000000,0.000000,2.509379
-1.000000,14.500000,0.000000,4.057683
-1.000000,15.000000,0.000000,1.820000
-0.500000,-15.000000,0.000000,2.726387
-0.500000,-14.500000,0.000000,2.140100
-0.500000,-14.000000,0.000000,1.703139
-0.500000,-13.500000,0.000000,1.733611
-0.500000,-13.000000,0.000000,1.304940
-0.500000,-12.500000,0.000000,1.373928
-0.500000,-12.000000,0.000000,1.262618
-0.500000,-11.500000,0.000000,1.624748
-0.500000,-11.000000,0.000000,1.323756
-0.500000,-10.500000,0.000000,1.614140
-0.500000,-10.000000,0.000000,1.463995
-0.500000,-9.500000,0.000000,1.271156
-0.500000,-9.000000,0.000000,2.053102
-0.500000,-8.500000,0.000000,3.040057
-0.500000,-8.000000,0.000000,3.380496
-0.500000,-7.500000,0.000000,4.006726
-0.500000,-7.000000,0.000000,3.742720
-0.500000,-6.500000,0.000000,2.310249
-0.500000,-6.000000,0.000000,1.876445
-0.500000,-5.500000,0.000000,1.644401
-0.500000,-5.000000,0.000000,1.613043
-0.500000,-4.500000,0.000000,1.745408
-0.500000,-4.000000,0.000000,3.239863
-0.500000,-3.500000,0.000000,4.142371
-0.500000,-3.000000,0.000000,4.157735
-0.500000,-2.500000,0.000000,3.824249
-0.500000,-2.000000,0.000000,2.690665
-0.500000,-1.500000,0.000000,1.791633
-0.500000,-1.000000,0.000000,1.549811
-0.500000,-0.500000,0.000000,1.550008
-0.500000,0.000000,0.000000,1.535269
-0.500000,0.500000,0.000000,1.550389
-0.500000,1.000000,0.000000,1.548854
-0.500000,1.500000,0.000000,1.942902
-0.500000,2.000000,0.000000,2.399240
-0.500000,2.500000,0.000000,2.065824
-0.500000,3.000000,0.000000,2.793461
-0.500000,3.500000,0.000000,3.536240
-0.500000,4.000000,0.000000,3.946991
-0.500000,4.500000,0.000000,4.078952
-0.500000,5.000000,0.000000,3.258159
-0.500000,5.500000,0.000000,1.172186
-0.500000,6.000000,0.000000,0.843939
-0.500000,6.500000,0.000000,0.847690
-0.500000,7.000000,0.000000,1.105362
-0.500000,7.500000,0.000000,1.750388
-0.500000,8.000000,0.000000,1.671599
-0.500000,8.500000,0.000000,2.189750
-0.500000,9.000000,0.000000,1.831154
-0.500000,9.500000,0.000000,1.619183
-0.500000,10.000000,0.000000,3.384725
-0.500000,10.500000,0.000000,3.679669
-0.500000,11.000000,0.000000,2.842596
-0.500000,11.500000,0.000000,3.601104
-0.500000,12.000000,0.000000,4.022470
-0.500000,12.500000,0.000000,4.118041
-0.500000,13.000000,0.000000,4.097216
-0.500000,13.500000,0.000000,3.949641
-0.500000,14.000000,0.000000,4.114332
-0.500000,14.500000,0.000000,3.900000
0.000000,-15.000000,0.000000,3.900000
0.000000,-14.500000,0.000000,4.157216
0.000000,-14.000000,0.000000,3.845773
0.000000,-13.500000,0.000000,3.114872
0.000000,-13.000000,0.000000,2.910128
0.000000,-12.500000,0.000000,2.948140
0.000000,-12.000000,0.000000,2.616183
0.000000,-11.500000,0.000000,3.139187
0.000000,-11.000000,0.000000,2.353429
0.000000,-10.500000,0.000000,2.032317
0.000000,-10.000000,0.000000,2.351670
0.000000,-9.500000,0.000000,2.476771
0.000000,-9.000000,0.000000,2.993882
0.000000,-8.500000,0.000000,3.760042
0.000000,-8.000000,0.000000,4.145523
0.000000,-7.500000,0.000000,4.157523
0.000000,-7.000000,0.000000,4.148268
0.000000,-6.500000,0.000000,4.082531
0.000000,-6.000000,0.000000,3.481256
0.000000,-5.500000,0.000000,2.998224
0.000000,-5.000000,0.000000,2.056816
0.000000,-4.500000,0.000000,1.901868
0.000000,-4.000000,0.000000,3.525212
0.000000,-3.500000,0.000000,4.158065
0.000000,-3.000000,0.000000,4.015611
0.000000,-2.500000,0.000000,4.140333
0.000000,-2.000000,0.000000,4.132163
0.000000,-1.500000,0.000000,3.452141
0.000000,-1.000000,0.000000,1.703752
0.000000,-0.500000,0.000000,1.578397
0.000000,0.000000,0.000000,1.575116
0.000000,0.500000,0.000000,1.566118
0.000000,1.000000,0.000000,1.566127
0.000000,1.500000,0.000000,2.150740
0.000000,2.000000,0.000000,2.684680
0.000000,2.500000,0.000000,1.490822
0.000000,3.000000,0.000000,2.221595
0.000000,3.500000,0.000000,3.395027
0.000000,4.000000,0.000000,4.039357
0.000000,4.500000,0.000000,3.980605
0.000000,5.000000,0.000000,3.108205
0.000000,5.500000,0.000000,0.922588
0.000000,6.000000,0.000000,0.844531
0.000000,6.500000,0.000000,0.897151
0.000000,7.000000,0.000000,1.926827
0.000000,7.500000,0.000000,3.784112
0.000000,8.000000,0.000000,2.862283
0.000000,8.500000,0.000000,1.803143
0.000000,9.000000,0.000000,1.815805
0.000000,9.500000,0.000000,1.971464
0.000000,10.000000,0.000000,3.725554
0.000000,10.500000,0.000000,2.471804
0.000000,11.000000,0.000000,2.321216
0.000000,11.500000,0.000000,2.593477
0.000000,12.000000,0.000000,2.806616
0.000000,12.500000,0.000000,3.579857
0.000000,13.000000,0.000000,3.816869
0.000000,13.500000,0.000000,3.744024
0.000000,14.000000,0.000000,3.924300
0.000000,14.500000,0.000000,3.117759
0.500000,-15.000000,0.000000,4.160000
0.500000,-14.500000,0.000000,4.014709
0.500000,-14.000000,0.000000,2.361315
0.500000,-13.500000,0.000000,1.554057
0.500000,-13.000000,0.000000,1.370120
0.500000,-12.500000,0.000000,1.565030
0.500000,-12.000000,0.000000,1.655821
0.500000,-11.500000,0.000000,1.469815
0.500000,-11.000000,0.000000,1.146787
0.500000,-10.500000,0.000000,1.223491
0.500000,-10.000000,0.000000,1.403883
0.500000,-9.500000,0.000000,1.494252
0.500000,-9.000000,0.000000,1.443967
0.500000,-8.500000,0.000000,1.746120
0.500000,-8.000000,0.000000,2.556398
0.500000,-7.500000,0.000000,3.496303
0.500000,-7.000000,0.000000,3.718316
0.500000,-6.500000,0.000000,3.653018
0.500000,-6.000000,0.000000,2.225675
0.500000,-5.500000,0.000000,2.240121
0.500000,-5.000000,0.000000,2.150102
0.500000,-4.500000,0.000000,1.961746
0.500000,-4.000000,0.000000,3.466581
0.500000,-3.500000,0.000000,4.159646
0.500000,-3.000000,0.000000,4.097358
0.500000,-2.500000,0.000000,3.787507
0.500000,-2.000000,0.000000,2.165956
0.500000,-1.500000,0.000000,1.704904
0.500000,-1.000000,0.000000,1.563369
0.500000,-0.500000,0.000000,1.550618
0.500000,0.000000,0.000000,1.492206
0.500000,0.500000,0.000000,1.415615
0.500000,1.000000,0.000000,1.269577
0.500000,1.500000,0.000000,1.447415
0.500000,2.000000,0.000000,1.840262
0.500000,2.500000,0.000000,3.729057
0.500000,3.000000,0.000000,4.151580
0.500000,3.500000,0.000000,4.160000
0.500000,4.000000,0.000000,4.160000
0.500000,4.500000,0.000000,4.160000
0.500000,5.000000,0.000000,4.156082
0.500000,5.500000,0.000000,2.336908
0.500000,6.000000,0.000000,0.845387
0.500000,6.500000,0.000000,0.890457
0.500000,7.000000,0.000000,1.760529
0.500000,7.500000,0.000000,3.339355
0.500000,8.000000,0.000000,2.466482
0.500000,8.500000,0.000000,1.557595
0.500000,9.000000,0.000000,1.576799
0.500000,9.500000,0.000000,1.681080
0.500000,10.000000,0.000000,2.448448
0.500000,10.500000,0.000000,1.569569
0.500000,11.000000,0.000000,1.561091
0.500000,11.500000,0.000000,1.720648
0.500000,12.000000,0.000000,1.693841
0.500000,12.500000,0.000000,1.948202
0.500000,13.000000,0.000000,2.076422
0.500000,13.500000,0.000000,2.877972
0.500000,14.000000,0.000000,3.132300
0.500000,14.500000,0.000000,3.565051
1.000000,-15.500000,0.000000,0.780000
1.000000,-15.000000,0.000000,3.346707
1.000000,-14.500000,0.000000,2.125795
1.000000,-14.000000,0.000000,1.503818
1.000000,-13.500000,0.000000,1.814655
1.000000,-13.000000,0.000000,1.693362
1.000000,-12.500000,0.000000,1.156719
1.000000,-12.000000,0.000000,1.709123
1.000000,-11.500000,0.000000,1.679616
1.000000,-11.000000,0.000000,1.299016
1.000000,-10.500000,0.000000,1.246081
1.000000,-10.000000,0.000000,1.110122
1.000000,-9.500000,0.000000,1.033375
1.000000,-9.000000,0.000000,1.090995
1.000000,-8.500000,0.000000,1.671048
1.000000,-8.000000,0.000000,1.470732
1.000000,-7.500000,0.000000,2.033953
1.000000,-7.000000,0.000000,2.826111
1.000000,-6.500000,0.000000,2.275920
1.000000,-6.000000,0.000000,1.813125
1.000000,-5.500000,0.000000,1.583516
1.000000,-5.000000,0.000000,1.567954
1.000000,-4.500000,0.000000,1.518221
1.000000,-4.000000,0.000000,2.303641
1.000000,-3.500000,0.000000,3.278289
1.000000,-3.000000,0.000000,2.238237
1.000000,-2.500000,0.000000,1.747161
1.000000,-2.000000,0.000000,1.557949
1.000000,-1.500000,0.000000,1.526055
1.000000,-1.000000,0.000000,1.452253
1.000000,-0.500000,0.000000,1.485734
1.000000,0.000000,0.000000,1.360850
1.000000,0.500000,0.000000,1.289432
1.000000,1.000000,0.000000,1.298567
1.000000,1.500000,0.000000,1.267167
1.000000,2.000000,0.000000,1.054365
1.000000,2.500000,0.000000,2.657462
1.000000,3.000000,0.000000,3.813560
1.000000,3.500000,0.000000,3.502118
1.000000,4.000000,0.000000,2.760234
1.000000,4.500000,0.000000,2.548898
1.000000,5.000000,0.000000,3.071806
1.000000,5.500000,0.000000,3.772179
1.000000,6.000000,0.000000,1.280460
1.000000,6.500000,0.000000,0.844869
1.000000,7.000000,0.000000,0.969955
1.000000,7.500000,0.000000,1.614764
1.000000,8.000000,0.000000,1.424861
1.000000,8.500000,0.000000,1.236073
1.000000,9.000000,0.000000,1.328634
1.000000,9.500000,0.000000,1.762357
1.000000,10.000000,0.000000,2.629155
1.000000,10.500000,0.000000,1.575886
1.000000,11.000000,0.000000,1.228923
1.000000,11.500000,0.000000,1.447080
1.000000,12.000000,0.000000,1.379555
1.000000,12.500000,0.000000,1.651861
1.000000,13.000000,0.000000,1.802539
1.000000,13.500000,0.000000,2.566864
1.000000,14.000000,0.000000,3.227456
1.000000,14.500000,0.000000,3.551950
1.000000,15.000000,0.000000,1.300000
1.500000,-15.500000,0.000000,2.247603
1.500000,-15.000000,0.000000,1.826673
1.500000,-14.500000,0.000000,1.532031
1.500000,-14.000000,0.000000,1.717752
1.500000,-13.500000,0.000000,1.726526
1.500000,-13.000000,0.000000,1.670515
1.500000,-12.500000,0.000000,1.252726
1.500000,-12.000000,0.000000,2.423545
1.500000,-11.500000,0.000000,2.103035
1.500000,-11.000000,0.000000,1.209247
1.500000,-10.500000,0.000000,1.148631
1.500000,-10.000000,0.000000,1.631448
1.500000,-9.500000,0.000000,1.799886
1.500000,-9.000000,0.000000,1.148896
1.500000,-8.500000,0.000000,1.527107
1.500000,-8.000000,0.000000,1.383551
1.500000,-7.500000,0.000000,1.750255
1.500000,-7.000000,0.000000,2.546481
1.500000,-6.500000,0.000000,2.413480
1.500000,-6.000000,0.000000,1.468117
1.500000,-5.500000,0.000000,1.015170
1.500000,-5.000000,0.000000,1.060668
1.500000,-4.500000,0.000000,1.122444
1.500000,-4.000000,0.000000,1.683156
1.500000,-3.500000,0.000000,1.766721
1.500000,-3.000000,0.000000,1.571107
1.500000,-2.500000,0.000000,1.579451
1.500000,-2.000000,0.000000,1.497106
1.500000,-1.500000,0.000000,1.246751
1.500000,-1.000000,0.000000,1.107066
1.500000,-0.500000,0.000000,1.121879
1.500000,0.000000,0.000000,1.179545
1.500000,0.500000,0.000000,1.234116
1.500000,1.000000,0.000000,1.199716
1.500000,1.500000,0.000000,1.109996
1.500000,2.000000,0.000000,0.878790
1.500000,2.500000,0.000000,1.035308
1.500000,3.000000,0.000000,1.525680
1.500000,3.500000,0.000000,1.566752
1.500000,4.000000,0.000000,1.568651
1.500000,4.500000,0.000000,1.573254
1.500000,5.000000,0.000000,1.574916
1.500000,5.500000,0.000000,2.119150
1.500000,6.000000,0.000000,2.230997
1.500000,6.500000,0.000000,0.873346
1.500000,7.000000,0.000000,0.846506
1.500000,7.500000,0.000000,0.958628
1.500000,8.000000,0.000000,0.958733
1.500000,8.500000,0.000000,1.164128
1.500000,9.000000,0.000000,1.403571
1.500000,9.500000,0.000000,1.926494
1.500000,10.000000,0.000000,3.209563
1.500000,10.500000,0.000000,1.759744
1.500000,11.000000,0.000000,1.005419
1.500000,11.500000,0.000000,0.853833
1.500000,12.000000,0.000000,0.897452
1.500000,12.500000,0.000000,1.254801
1.500000,13.000000,0.000000,1.460222
1.500000,13.500000,0.000000,2.123733
1.500000,14.000000,0.000000,3.349711
1.500000,14.500000,0.000000,3.672696
1.500000,15.000000,0.000000,1.300000
2.000000,-15.500000,0.000000,2.056668
2.000000,-15.000000,0.000000,2.206479
2.000000,-14.500000,0.000000,1.414628
2.000000,-14.000000,0.000000,1.485252
2.000000,-13.500000,0.000000,1.806757
2.000000,-13.000000,0.000000,1.276231
2.000000,-12.500000,0.000000,0.995598
2.000000,-12.000000,0.000000,2.093298
2.000000,-11.500000,0.000000,2.987039
2.000000,-11.000000,0.000000,1.525335
2.000000,-10.500000,0.000000,1.089716
2.000000,-10.000000,0.000000,1.195603
2.000000,-9.500000,0.000000,1.607032
2.000000,-9.000000,0.000000,1.580643
2.000000,-8.500000,0.000000,1.403171
2.000000,-8.000000,0.000000,1.474663
2.000000,-7.500000,0.000000,1.739975
2.000000,-7.000000,0.000000,2.834084
2.000000,-6.500000,0.000000,1.900504
2.000000,-6.000000,0.000000,1.072736
2.000000,-5.500000,0.000000,0.951945
2.000000,-5.000000,0.000000,0.884565
2.000000,-4.500000,0.000000,1.003432
2.000000,-4.000000,0.000000,1.616928
2.000000,-3.500000,0.000000,1.541023
2.000000,-3.000000,0.000000,1.561501
2.000000,-2.500000,0.000000,1.570835
2.000000,-2.000000,0.000000,1.448523
2.000000,-1.500000,0.000000,1.111976
2.000000,-1.000000,0.000000,1.021691
2.000000,-0.500000,0.000000,1.056038
2.000000,0.000000,0.000000,1.128607
2.000000,0.500000,0.000000,1.096076
2.000000,1.000000,0.000000,0.983134
2.000000,1.500000,0.000000,0.898805
2.000000,2.000000,0.000000,0.849576
2.000000,2.500000,0.000000,0.858637
2.000000,3.000000,0.000000,0.901877
2.000000,3.500000,0.000000,1.154210
2.000000,4.000000,0.000000,1.520253
2.000000,4.500000,0.000000,1.567554
2.000000,5.000000,0.000000,1.571578
2.000000,5.500000,0.000000,1.570467
2.000000,6.000000,0.000000,2.065007
2.000000,6.500000,0.000000,1.606973
2.000000,7.000000,0.000000,0.843705
2.000000,7.500000,0.000000,0.846200
2.000000,8.000000,0.000000,0.926245
2.000000,8.500000,0.000000,1.155468
2.000000,9.000000,0.000000,1.541197
2.000000,9.500000,0.000000,1.670082
2.000000,10.000000,0.000000,1.630857
2.000000,10.500000,0.000000,1.250219
2.000000,11.000000,0.000000,0.861675
2.000000,11.500000,0.000000,0.849814
2.000000,12.000000,0.000000,0.855177
2.000000,12.500000,0.000000,0.881804
2.000000,13.000000,0.000000,1.609206
2.000000,13.500000,0.000000,2.340286
2.000000,14.000000,0.000000,3.363531
2.000000,14.500000,0.000000,4.025203
2.000000,15.000000,0.000000,0.780000
2.500000,-15.500000,0.000000,2.080000
2.500000,-15.000000,0.000000,2.672261
2.500000,-14.500000,0.000000,1.471942
2.500000,-14.000000,0.000000,1.136145
2.500000,-13.500000,0.000000,1.004517
2.500000,-13.000000,0.000000,1.193381
2.500000,-12.500000,0.000000,1.026299
2.500000,-12.000000,0.000000,1.144393
2.500000,-11.500000,0.000000,1.798743
2.500000,-11.000000,0.000000,1.884087
2.500000,-10.500000,0.000000,0.940112
2.500000,-10.000000,0.000000,0.908059
2.500000,-9.500000,0.000000,1.286983
2.500000,-9.000000,0.000000,1.713616
2.500000,-8.500000,0.000000,1.818710
2.500000,-8.000000,0.000000,2.315846
2.500000,-7.500000,0.000000,2.418903
2.500000,-7.000000,0.000000,2.533305
2.500000,-6.500000,0.000000,1.459814
2.500000,-6.000000,0.000000,1.081039
2.500000,-5.500000,0.000000,1.151543
2.500000,-5.000000,0.000000,1.462086
2.500000,-4.500000,0.000000,1.155654
2.500000,-4.000000,0.000000,1.759400
2.500000,-3.500000,0.000000,1.438696
2.500000,-3.000000,0.000000,1.546621
2.500000,-2.500000,0.000000,1.528410
2.500000,-2.000000,0.000000,1.263791
2.500000,-1.500000,0.000000,0.975234
2.500000,-1.000000,0.000000,0.979496
2.500000,-0.500000,0.000000,0.984354
2.500000,0.000000,0.000000,0.972823
2.500000,0.500000,0.000000,0.959382
2.500000,1.000000,0.000000,0.882138
2.500000,1.500000,0.000000,0.853875
2.500000,2.000000,0.000000,0.867669
2.500000,2.500000,0.000000,0.917293
2.500000,3.000000,0.000000,0.857261
2.500000,3.500000,0.000000,0.934429
2.500000,4.000000,0.000000,1.129112
2.500000,4.500000,0.000000,1.497656
2.500000,5.000000,0.000000,1.564618
2.500000,5.500000,0.000000,1.559380
2.500000,6.000000,0.000000,1.568226
2.500000,6.500000,0.000000,1.960596
2.500000,7.000000,0.000000,0.875696
2.500000,7.500000,0.000000,0.844414
2.500000,8.000000,0.000000,0.848820
2.500000,8.500000,0.000000,0.939649
2.500000,9.000000,0.000000,1.313467
2.500000,9.500000,0.000000,1.470987
2.500000,10.000000,0.000000,1.046117
2.500000,10.500000,0.000000,0.846904
2.500000,11.000000,0.000000,0.876545
2.500000,11.500000,0.000000,1.141920
2.500000,12.000000,0.000000,1.420354
2.500000,12.500000,0.000000,1.507673
2.500000,13.000000,0.000000,1.316681
2.500000,13.500000,0.000000,1.391176
2.500000,14.000000,0.000000,2.046929
2.500000,14.500000,0.000000,4.052702
2.500000,15.000000,0.000000,0.520000
3.000000,-15.500000,0.000000,1.820000
3.000000,-15.000000,0.000000,2.531632
3.000000,-14.500000,0.000000,2.326432
3.000000,-14.000000,0.000000,1.798098
3.000000,-13.500000,0.000000,0.913099
3.000000,-13.000000,0.000000,0.876361
3.000000,-12.500000,0.000000,0.934678
3.000000,-12.000000,0.000000,0.997792
3.000000,-11.500000,0.000000,0.912121
3.000000,-11.000000,0.000000,1.130049
3.000000,-10.500000,0.000000,2.340597
3.000000,-10.000000,0.000000,1.433665
3.000000,-9.500000,0.000000,1.347872
3.000000,-9.000000,0.000000,1.486666
3.000000,-8.500000,0.000000,1.577876
3.000000,-8.000000,0.000000,2.743325
3.000000,-7.500000,0.000000,2.720866
3.000000,-7.000000,0.000000,1.853522
3.000000,-6.500000,0.000000,1.447713
3.000000,-6.000000,0.000000,1.392204
3.000000,-5.500000,0.000000,2.622953
3.000000,-5.000000,0.000000,2.700189
3.000000,-4.500000,0.000000,1.735967
3.000000,-4.000000,0.000000,1.559503
3.000000,-3.500000,0.000000,1.254363
3.000000,-3.000000,0.000000,1.400995
3.000000,-2.500000,0.000000,1.178940
3.000000,-2.000000,0.000000,0.997507
3.000000,-1.500000,0.000000,0.943753
3.000000,-1.000000,0.000000,0.887116
3.000000,-0.500000,0.000000,0.888500
3.000000,0.000000,0.000000,0.870948
3.000000,0.500000,0.000000,0.854514
3.000000,1.000000,0.000000,0.862747
3.000000,1.500000,0.000000,0.973576
3.000000,2.000000,0.000000,1.027629
3.000000,2.500000,0.000000,0.975647
3.000000,3.000000,0.000000,0.970295
3.000000,3.500000,0.000000,0.909621
3.000000,4.000000,0.000000,0.917317
3.000000,4.500000,0.000000,1.069725
3.000000,5.000000,0.000000,1.351290
3.000000,5.500000,0.000000,1.540356
3.000000,6.000000,0.000000,1.395581
3.000000,6.500000,0.000000,1.155963
3.000000,7.000000,0.000000,0.903866
3.000000,7.500000,0.000000,0.845077
3.000000,8.000000,0.000000,0.845137
3.000000,8.500000,0.000000,0.845558
3.000000,9.000000,0.000000,0.856111
3.000000,9.500000,0.000000,0.860134
3.000000,10.000000,0.000000,0.846001
3.000000,10.500000,0.000000,0.848738
3.000000,11.000000,0.000000,1.261014
3.000000,11.500000,0.000000,1.646021
3.000000,12.000000,0.000000,1.795768
3.000000,12.500000,0.000000,2.529301
3.000000,13.000000,0.000000,2.817593
3.000000,13.500000,0.000000,1.833682
3.000000,14.000000,0.000000,2.245666
3.000000,14.500000,0.000000,3.996597
3.500000,-15.500000,0.000000,0.260000
3.500000,-15.000000,0.000000,3.113496
3.500000,-14.500000,0.000000,1.831202
3.500000,-14.000000,0.000000,1.428995
3.500000,-13.500000,0.000000,1.089655
3.500000,-13.000000,0.000000,1.081415
3.500000,-12.500000,0.000000,1.028210
3.500000,-12.000000,0.000000,0.862495
3.500000,-11.500000,0.000000,0.871608
3.500000,-11.000000,0.000000,1.235752
3.500000,-10.500000,0.000000,3.568935
3.500000,-10.000000,0.000000,2.915630
3.500000,-9.500000,0.000000,1.253185
3.500000,-9.000000,0.000000,1.423063
3.500000,-8.500000,0.000000,1.518562
3.500000,-8.000000,0.000000,1.820926
3.500000,-7.500000,0.000000,1.531076
3.500000,-7.000000,0.000000,1.714495
3.500000,-6.500000,0.000000,1.433124
3.500000,-6.000000,0.000000,2.577723
3.500000,-5.500000,0.000000,3.874208
3.500000,-5.000000,0.000000,3.779738
3.500000,-4.500000,0.000000,2.331026
3.500000,-4.000000,0.000000,1.406647
3.500000,-3.500000,0.000000,1.012309
3.500000,-3.000000,0.000000,1.058002
3.500000,-2.500000,0.000000,0.913642
3.500000,-2.000000,0.000000,0.899750
3.500000,-1.500000,0.000000,0.860313
3.500000,-1.000000,0.000000,0.915751
3.500000,-0.500000,0.000000,0.872801
3.500000,0.000000,0.000000,0.850724
3.500000,0.500000,0.000000,0.902629
3.500000,1.000000,0.000000,1.026252
3.500000,1.500000,0.000000,1.175449
3.500000,2.000000,0.000000,1.154253
3.500000,2.500000,0.000000,1.205679
3.500000,3.000000,0.000000,1.243799
3.500000,3.500000,0.000000,1.225160
3.500000,4.000000,0.000000,1.087345
3.500000,4.500000,0.000000,0.890981
3.500000,5.000000,0.000000,0.951876
3.500000,5.500000,0.000000,1.043667
3.500000,6.000000,0.000000,0.918863
3.500000,6.500000,0.000000,0.851980
3.500000,7.000000,0.000000,0.853882
3.500000,7.500000,0.000000,0.845332
3.500000,8.000000,0.000000,0.846045
3.500000,8.500000,0.000000,0.845124
3.500000,9.000000,0.000000,0.844733
3.500000,9.500000,0.000000,0.845124
3.500000,10.000000,0.000000,0.847632
3.500000,10.500000,0.000000,0.850366
3.500000,11.000000,0.000000,1.107430
3.500000,11.500000,0.000000,1.416465
3.500000,12.000000,0.000000,1.545895
3.500000,12.500000,0.000000,1.667764
3.500000,13.000000,0.000000,2.886518
3.500000,13.500000,0.000000,3.960529
3.500000,14.000000,0.000000,3.996867
3.500000,14.500000,0.000000,3.379427
4.000000,-15.000000,0.000000,2.273851
4.000000,-14.500000,0.000000,2.387998
4.000000,-14.000000,0.000000,1.669188
4.000000,-13.500000,0.000000,1.356033
4.000000,-13.000000,0.000000,1.453947
4.000000,-12.500000,0.000000,1.593463
4.000000,-12.000000,0.000000,1.355588
4.000000,-11.500000,0.000000,0.917540
4.000000,-11.000000,0.000000,0.887198
4.000000,-10.500000,0.000000,1.419386
4.000000,-10.000000,0.000000,2.232254
4.000000,-9.500000,0.000000,1.062937
4.000000,-9.000000,0.000000,1.244340
4.000000,-8.500000,0.000000,1.375663
4.000000,-8.000000,0.000000,1.783210
4.000000,-7.500000,0.000000,1.723981
4.000000,-7.000000,0.000000,1.344518
4.000000,-6.500000,0.000000,2.048876
4.000000,-6.000000,0.000000,4.045639
4.000000,-5.500000,0.000000,4.159787
4.000000,-5.000000,0.000000,4.138854
4.000000,-4.500000,0.000000,3.151688
4.000000,-4.000000,0.000000,2.183001
4.000000,-3.500000,0.000000,0.855362
4.000000,-3.000000,0.000000,0.854374
4.000000,-2.500000,0.000000,0.850750
4.000000,-2.000000,0.000000,0.849893
4.000000,-1.500000,0.000000,0.851298
4.000000,-1.000000,0.000000,0.891307
4.000000,-0.500000,0.000000,0.886582
4.000000,0.000000,0.000000,0.916309
4.000000,0.500000,0.000000,1.127641
4.000000,1.000000,0.000000,1.291845
4.000000,1.500000,0.000000,1.402518
4.000000,2.000000,0.000000,1.513972
4.000000,2.500000,0.000000,1.483524
4.000000,3.000000,0.000000,1.498230
4.000000,3.500000,0.000000,1.390945
4.000000,4.000000,0.000000,1.373625
4.000000,4.500000,0.000000,1.171675
4.000000,5.000000,0.000000,0.888286
4.000000,5.500000,0.000000,0.845219
4.000000,6.000000,0.000000,0.845507
4.000000,6.500000,0.000000,0.845227
4.000000,7.000000,0.000000,0.846231
4.000000,7.500000,0.000000,0.845592
4.000000,8.000000,0.000000,0.845599
4.000000,8.500000,0.000000,0.845591
4.000000,9.000000,0.000000,0.845872
4.000000,9.500000,0.000000,0.846566
4.000000,10.000000,0.000000,0.853641
4.000000,10.500000,0.000000,0.925885
4.000000,11.000000,0.000000,1.232909
4.000000,11.500000,0.000000,1.537496
4.000000,12.000000,0.000000,1.735244
4.000000,12.500000,0.000000,1.852815
4.000000,13.000000,0.000000,2.289804
4.000000,13.500000,0.000000,3.777750
4.000000,14.000000,0.000000,4.160000
4.000000,14.500000,0.000000,1.820000
4.500000,-15.000000,0.000000,0.260000
4.500000,-14.500000,0.000000,3.643447
4.500000,-14.000000,0.000000,1.754729
4.500000,-13.500000,0.000000,1.555942
4.500000,-13.000000,0.000000,1.615509
4.500000,-12.500000,0.000000,1.603713
4.500000,-12.000000,0.000000,1.542150
4.500000,-11.500000,0.000000,1.081210
4.500000,-11.000000,0.000000,0.846270
4.500000,-10.500000,0.000000,0.847876
4.500000,-10.000000,0.000000,0.847869
4.500000,-9.500000,0.000000,0.847818
4.500000,-9.000000,0.000000,0.875165
4.500000,-8.500000,0.000000,1.044284
4.500000,-8.000000,0.000000,1.168908
4.500000,-7.500000,0.000000,1.457697
4.500000,-7.000000,0.000000,1.692395
4.500000,-6.500000,0.000000,3.568166
4.500000,-6.000000,0.000000,4.160000
4.500000,-5.500000,0.000000,4.159953
4.500000,-5.000000,0.000000,4.150188
4.500000,-4.500000,0.000000,3.651351
4.500000,-4.000000,0.000000,1.400618
4.500000,-3.500000,0.000000,0.847086
4.500000,-3.000000,0.000000,0.845585
4.500000,-2.500000,0.000000,0.847823
4.500000,-2.000000,0.000000,0.872879
4.500000,-1.500000,0.000000,1.036100
4.500000,-1.000000,0.000000,1.172960
4.500000,-0.500000,0.000000,1.246507
4.500000,0.000000,0.000000,1.350753
4.500000,0.500000,0.000000,1.423476
4.500000,1.000000,0.000000,1.470517
4.500000,1.500000,0.000000,1.489245
4.500000,2.000000,0.000000,1.525137
4.500000,2.500000,0.000000,1.515711
4.500000,3.000000,0.000000,1.519929
4.500000,3.500000,0.000000,1.508762
4.500000,4.000000,0.000000,1.354999
4.500000,4.500000,0.000000,1.110930
4.500000,5.000000,0.000000,0.864686
4.500000,5.500000,0.000000,0.846376
4.500000,6.000000,0.000000,0.845618
4.500000,6.500000,0.000000,0.845306
4.500000,7.000000,0.000000,0.846330
4.500000,7.500000,0.000000,0.847736
4.500000,8.000000,0.000000,0.848395
4.500000,8.500000,0.000000,0.847317
4.500000,9.000000,0.000000,0.846345
4.500000,9.500000,0.000000,0.850632
4.500000,10.000000,0.000000,1.033568
4.500000,10.500000,0.000000,1.426855
4.500000,11.000000,0.000000,1.578867
4.500000,11.500000,0.000000,1.597593
4.500000,12.000000,0.000000,1.622787
4.500000,12.500000,0.000000,1.481714
4.500000,13.000000,0.000000,1.916127
4.500000,13.500000,0.000000,3.433420
4.500000,14.000000,0.000000,4.157334
4.500000,14.500000,0.000000,0.780000
5.000000,-14.500000,0.000000,1.559947
5.000000,-14.000000,0.000000,3.362603
5.000000,-13.500000,0.000000,2.053436
5.000000,-13.000000,0.000000,1.784225
5.000000,-12.500000,0.000000,1.555246
5.000000,-12.000000,0.000000,1.417253
5.000000,-11.500000,0.000000,1.317067
5.000000,-11.000000,0.000000,0.876701
5.000000,-10.500000,0.000000,0.845119
5.000000,-10.000000,0.000000,0.845871
5.000000,-9.500000,0.000000,0.848175
5.000000,-9.000000,0.000000,0.846821
5.000000,-8.500000,0.000000,0.847699
5.000000,-8.000000,0.000000,0.858573
5.000000,-7.500000,0.000000,0.867546
5.000000,-7.000000,0.000000,1.105233
5.000000,-6.500000,0.000000,2.579124
5.000000,-6.000000,0.000000,2.738287
5.000000,-5.500000,0.000000,2.593390
5.000000,-5.000000,0.000000,1.941301
5.000000,-4.500000,0.000000,1.183786
5.000000,-4.000000,0.000000,0.851140
5.000000,-3.500000,0.000000,0.845255
5.000000,-3.000000,0.000000,0.847161
5.000000,-2.500000,0.000000,0.858253
5.000000,-2.000000,0.000000,0.917993
5.000000,-1.500000,0.000000,1.102396
5.000000,-1.000000,0.000000,1.439794
5.000000,-0.500000,0.000000,1.471908
5.000000,0.000000,0.000000,1.405241
5.000000,0.500000,0.000000,1.454948
5.000000,1.000000,0.000000,1.413565
5.000000,1.500000,0.000000,1.461570
5.000000,2.000000,0.000000,1.439137
5.000000,2.500000,0.000000,1.417261
5.000000,3.000000,0.000000,1.323192
5.000000,3.500000,0.000000,1.134365
5.000000,4.000000,0.000000,0.950208
5.000000,4.500000,0.000000,0.872159
5.000000,5.000000,0.000000,0.883936
5.000000,5.500000,0.000000,0.872945
5.000000,6.000000,0.000000,0.854964
5.000000,6.500000,0.000000,0.849493
5.000000,7.000000,0.000000,0.848917
5.000000,7.500000,0.000000,0.849061
5.000000,8.000000,0.000000,0.857580
5.000000,8.500000,0.000000,0.849413
5.000000,9.000000,0.000000,0.848119
5.000000,9.500000,0.000000,0.849902
5.000000,10.000000,0.000000,0.883785
5.000000,10.500000,0.000000,1.142761
5.000000,11.000000,0.000000,1.324398
5.000000,11.500000,0.000000,1.366054
5.000000,12.000000,0.000000,1.213670
5.000000,12.500000,0.000000,1.329367
5.000000,13.000000,0.000000,1.843177
5.000000,13.500000,0.000000,3.228584
5.000000,14.000000,0.000000,2.817317
5.500000,-14.000000,0.000000,2.338396
5.500000,-13.500000,0.000000,3.420048
5.500000,-13.000000,0.000000,1.805333
5.500000,-12.500000,0.000000,1.571344
5.500000,-12.000000,0.000000,1.589821
5.500000,-11.500000,0.000000,1.632731
5.500000,-11.000000,0.000000,1.181604
5.500000,-10.500000,0.000000,0.844966
5.500000,-10.000000,0.000000,0.862122
5.500000,-9.500000,0.000000,0.964875
5.500000,-9.000000,0.000000,0.986390
5.500000,-8.500000,0.000000,0.974378
5.500000,-8.000000,0.000000,0.880096
5.500000,-7.500000,0.000000,0.854676
5.500000,-7.000000,0.000000,0.847035
5.500000,-6.500000,0.000000,0.844028
5.500000,-6.000000,0.000000,0.845923
5.500000,-5.500000,0.000000,0.845647
5.500000,-5.000000,0.000000,0.845298
5.500000,-4.500000,0.000000,0.846284
5.500000,-4.000000,0.000000,0.845885
5.500000,-3.500000,0.000000,0.845787
5.500000,-3.000000,0.000000,0.847309
5.500000,-2.500000,0.000000,0.859622
5.500000,-2.000000,0.000000,1.064783
5.500000,-1.500000,0.000000,1.085790
5.500000,-1.000000,0.000000,1.082568
5.500000,-0.500000,0.000000,1.144706
5.500000,0.000000,0.000000,1.116612
5.500000,0.500000,0.000000,1.076146
5.500000,1.000000,0.000000,1.057224
5.500000,1.500000,0.000000,1.175332
5.500000,2.000000,0.000000,1.158470
5.500000,2.500000,0.000000,1.224572
5.500000,3.000000,0.000000,1.278059
5.500000,3.500000,0.000000,1.219542
5.500000,4.000000,0.000000,1.195248
5.500000,4.500000,0.000000,1.193513
5.500000,5.000000,0.000000,1.224674
5.500000,5.500000,0.000000,1.193081
5.500000,6.000000,0.000000,0.997172
5.500000,6.500000,0.000000,0.867392
5.500000,7.000000,0.000000,0.850063
5.500000,7.500000,0.000000,0.882172
5.500000,8.000000,0.000000,1.239220
5.500000,8.500000,0.000000,1.080502
5.500000,9.000000,0.000000,0.849876
5.500000,9.500000,0.000000,0.913897
5.500000,10.000000,0.000000,0.981229
5.500000,10.500000,0.000000,0.914061
5.500000,11.000000,0.000000,1.019552
5.500000,11.500000,0.000000,1.137986
5.500000,12.000000,0.000000,1.259542
5.500000,12.500000,0.000000,1.462058
5.500000,13.000000,0.000000,1.857213
5.500000,13.500000,0.000000,3.183652
5.500000,14.000000,0.000000,0.519649
6.000000,-13.500000,0.000000,3.348947
6.000000,-13.000000,0.000000,1.844616
6.000000,-12.500000,0.000000,1.535478
6.000000,-12.000000,0.000000,1.723902
6.000000,-11.500000,0.000000,1.528591
6.000000,-11.000000,0.000000,1.020212
6.000000,-10.500000,0.000000,0.963118
6.000000,-10.000000,0.000000,1.277270
6.000000,-9.500000,0.000000,1.535164
6.000000,-9.000000,0.000000,1.393547
6.000000,-8.500000,0.000000,1.285494
6.000000,-8.000000,0.000000,1.229999
6.000000,-7.500000,0.000000,0.860480
6.000000,-7.000000,0.000000,0.848861
6.000000,-6.500000,0.000000,0.847217
6.000000,-6.000000,0.000000,0.847706
6.000000,-5.500000,0.000000,0.849375
6.000000,-5.000000,0.000000,0.861032
6.000000,-4.500000,0.000000,0.862683
6.000000,-4.000000,0.000000,0.856245
6.000000,-3.500000,0.000000,0.846645
6.000000,-3.000000,0.000000,0.848676
6.000000,-2.500000,0.000000,0.930933
6.000000,-2.000000,0.000000,1.530855
6.000000,-1.500000,0.000000,1.594327
6.000000,-1.000000,0.000000,1.531909
6.000000,-0.500000,0.000000,1.521687
6.000000,0.000000,0.000000,1.357766
6.000000,0.500000,0.000000,1.351039
6.000000,1.000000,0.000000,1.442694
6.000000,1.500000,0.000000,1.336326
6.000000,2.000000,0.000000,1.406516
6.000000,2.500000,0.000000,1.617077
6.000000,3.000000,0.000000,1.884055
6.000000,3.500000,0.000000,1.582853
6.000000,4.000000,0.000000,1.569608
6.000000,4.500000,0.000000,1.500247
6.000000,5.000000,0.000000,1.510779
6.000000,5.500000,0.000000,1.663518
6.000000,6.000000,0.000000,1.746978
6.000000,6.500000,0.000000,1.520071
6.000000,7.000000,0.000000,0.962708
6.000000,7.500000,0.000000,1.016260
6.000000,8.000000,0.000000,1.610992
6.000000,8.500000,0.000000,1.572395
6.000000,9.000000,0.000000,1.369452
6.000000,9.500000,0.000000,1.555585
6.000000,10.000000,0.000000,1.544632
6.000000,10.500000,0.000000,1.506156
6.000000,11.000000,0.000000,1.673261
6.000000,11.500000,0.000000,1.659570
6.000000,12.000000,0.000000,1.721709
6.000000,12.500000,0.000000,2.044924
6.000000,13.000000,0.000000,3.014884
6.000000,13.500000,0.000000,0.731810
6.500000,-13.500000,0.000000,1.300000
6.500000,-13.000000,0.000000,2.610536
6.500000,-12.500000,0.000000,1.279299
6.500000,-12.000000,0.000000,1.235425
6.500000,-11.500000,0.000000,1.054224
6.500000,-11.000000,0.000000,1.018788
6.500000,-10.500000,0.000000,1.511384
6.500000,-10.000000,0.000000,1.509849
6.500000,-9.500000,0.000000,1.537467
6.500000,-9.000000,0.000000,1.495428
6.500000,-8.500000,0.000000,1.453467
6.500000,-8.000000,0.000000,1.404282
6.500000,-7.500000,0.000000,1.008760
6.500000,-7.000000,0.000000,0.847688
6.500000,-6.500000,0.000000,0.852130
6.500000,-6.000000,0.000000,0.848227
6.500000,-5.500000,0.000000,0.993166
6.500000,-5.000000,0.000000,1.240563
6.500000,-4.500000,0.000000,1.286105
6.500000,-4.000000,0.000000,1.401185
6.500000,-3.500000,0.000000,0.932918
6.500000,-3.000000,0.000000,0.845974
6.500000,-2.500000,0.000000,0.866404
6.500000,-2.000000,0.000000,1.490451
6.500000,-1.500000,0.000000,2.178463
6.500000,-1.000000,0.000000,2.314185
6.500000,-0.500000,0.000000,2.098595
6.500000,0.000000,0.000000,1.604615
6.500000,0.500000,0.000000,1.504086
6.500000,1.000000,0.000000,1.604357
6.500000,1.500000,0.000000,1.603729
6.500000,2.000000,0.000000,1.521256
6.500000,2.500000,0.000000,2.307342
6.500000,3.000000,0.000000,2.920411
6.500000,3.500000,0.000000,1.656100
6.500000,4.000000,0.000000,1.705064
6.500000,4.500000,0.000000,1.588795
6.500000,5.000000,0.000000,1.548753
6.500000,5.500000,0.000000,1.928949
6.500000,6.000000,0.000000,1.813057
6.500000,6.500000,0.000000,1.848643
6.500000,7.000000,0.000000,1.197144
6.500000,7.500000,0.000000,1.136924
6.500000,8.000000,0.000000,1.627015
6.500000,8.500000,0.000000,1.738667
6.500000,9.000000,0.000000,1.737466
6.500000,9.500000,0.000000,1.636701
6.500000,10.000000,0.000000,1.657972
6.500000,10.500000,0.000000,1.666872
6.500000,11.000000,0.000000,1.818655
6.500000,11.500000,0.000000,2.026370
6.500000,12.000000,0.000000,2.823462
6.500000,12.500000,0.000000,3.282489
6.500000,13.000000,0.000000,0.518452
7.000000,-13.000000,0.000000,2.982912
7.000000,-12.500000,0.000000,1.928758
7.000000,-12.000000,0.000000,1.041728
7.000000,-11.500000,0.000000,1.137486
7.000000,-11.000000,0.000000,1.533252
7.000000,-10.500000,0.000000,1.763286
7.000000,-10.000000,0.000000,1.293372
7.000000,-9.500000,0.000000,1.287315
7.000000,-9.000000,0.000000,1.418591
7.000000,-8.500000,0.000000,1.479591
7.000000,-8.000000,0.000000,1.530561
7.000000,-7.500000,0.000000,1.323138
7.000000,-7.000000,0.000000,0.846845
7.000000,-6.500000,0.000000,0.846152
7.000000,-6.000000,0.000000,0.867652
7.000000,-5.500000,0.000000,1.373467
7.000000,-5.000000,0.000000,1.715343
7.000000,-4.500000,0.000000,1.527210
7.000000,-4.000000,0.000000,1.640228
7.000000,-3.500000,0.000000,1.250763
7.000000,-3.000000,0.000000,0.860723
7.000000,-2.500000,0.000000,0.868163
7.000000,-2.000000,0.000000,1.037276
7.000000,-1.500000,0.000000,1.782337
7.000000,-1.000000,0.000000,3.337608
7.000000,-0.500000,0.000000,3.988462
7.000000,0.000000,0.000000,2.379248
7.000000,0.500000,0.000000,1.591465
7.000000,1.000000,0.000000,1.709533
7.000000,1.500000,0.000000,2.152900
7.000000,2.000000,0.000000,1.636575
7.000000,2.500000,0.000000,2.390275
7.000000,3.000000,0.000000,1.817020
7.000000,3.500000,0.000000,1.697569
7.000000,4.000000,0.000000,2.123973
7.000000,4.500000,0.000000,1.480437
7.000000,5.000000,0.000000,1.331780
7.000000,5.500000,0.000000,2.241495
7.000000,6.000000,0.000000,1.972805
7.000000,6.500000,0.000000,1.422875
7.000000,7.000000,0.000000,0.909018
7.000000,7.500000,0.000000,1.097748
7.000000,8.000000,0.000000,1.645987
7.000000,8.500000,0.000000,1.685266
7.000000,9.000000,0.000000,1.600173
7.000000,9.500000,0.000000,1.448152
7.000000,10.000000,0.000000,1.738562
7.000000,10.500000,0.000000,1.711611
7.000000,11.000000,0.000000,1.973200
7.000000,11.500000,0.000000,3.047029
7.000000,12.000000,0.000000,3.006233
7.000000,12.500000,0.000000,0.260000
7.500000,-13.000000,0.000000,0.260000
7.500000,-12.500000,0.000000,3.676990
7.500000,-12.000000,0.000000,1.648439
7.500000,-11.500000,0.000000,1.554318
7.500000,-11.000000,0.000000,1.847883
7.500000,-10.500000,0.000000,1.575946
7.500000,-10.000000,0.000000,1.189703
7.500000,-9.500000,0.000000,1.315222
7.500000,-9.000000,0.000000,1.516221
7.500000,-8.500000,0.000000,1.551129
7.500000,-8.000000,0.000000,1.572107
7.500000,-7.500000,0.000000,1.435014
7.500000,-7.000000,0.000000,0.856269
7.500000,-6.500000,0.000000,0.847157
7.500000,-6.000000,0.000000,0.936657
7.500000,-5.500000,0.000000,1.544660
7.500000,-5.000000,0.000000,1.769492
7.500000,-4.500000,0.000000,1.604707
7.500000,-4.000000,0.000000,1.636002
7.500000,-3.500000,0.000000,1.392211
7.500000,-3.000000,0.000000,0.897483
7.500000,-2.500000,0.000000,0.987448
7.500000,-2.000000,0.000000,0.871096
7.500000,-1.500000,0.000000,1.066532
7.500000,-1.000000,0.000000,1.611898
7.500000,-0.500000,0.000000,2.986032
7.500000,0.000000,0.000000,3.903867
7.500000,0.500000,0.000000,3.000064
7.500000,1.000000,0.000000,2.888783
7.500000,1.500000,0.000000,4.065135
7.500000,2.000000,0.000000,3.434593
7.500000,2.500000,0.000000,2.125790
7.500000,3.000000,0.000000,1.372048
7.500000,3.500000,0.000000,1.360379
7.500000,4.000000,0.000000,1.650519
7.500000,4.500000,0.000000,1.218380
7.500000,5.000000,0.000000,1.182753
7.500000,5.500000,0.000000,1.978128
7.500000,6.000000,0.000000,1.944402
7.500000,6.500000,0.000000,1.205628
7.500000,7.000000,0.000000,0.870491
7.500000,7.500000,0.000000,1.061303
7.500000,8.000000,0.000000,1.573122
7.500000,8.500000,0.000000,1.751673
7.500000,9.000000,0.000000,1.819042
7.500000,9.500000,0.000000,1.510501
7.500000,10.000000,0.000000,1.997079
7.500000,10.500000,0.000000,2.130268
7.500000,11.000000,0.000000,3.388993
7.500000,11.500000,0.000000,2.822578
8.000000,-12.500000,0.000000,1.040000
8.000000,-12.000000,0.000000,3.712400
8.000000,-11.500000,0.000000,2.515779
8.000000,-11.000000,0.000000,1.773316
8.000000,-10.500000,0.000000,1.443564
8.000000,-10.000000,0.000000,1.535262
8.000000,-9.500000,0.000000,1.465966
8.000000,-9.000000,0.000000,1.457802
8.000000,-8.500000,0.000000,1.569499
8.000000,-8.000000,0.000000,1.551878
8.000000,-7.500000,0.000000,1.301067
8.000000,-7.000000,0.000000,0.918030
8.000000,-6.500000,0.000000,0.871227
8.000000,-6.000000,0.000000,1.116650
8.000000,-5.500000,0.000000,1.682489
8.000000,-5.000000,0.000000,1.794397
8.000000,-4.500000,0.000000,1.568171
8.000000,-4.000000,0.000000,1.782369
8.000000,-3.500000,0.000000,1.540072
8.000000,-3.000000,0.000000,0.907969
8.000000,-2.500000,0.000000,1.005465
8.000000,-2.000000,0.000000,0.970243
8.000000,-1.500000,0.000000,0.940274
8.000000,-1.000000,0.000000,1.066880
8.000000,-0.500000,0.000000,1.557070
8.000000,0.000000,0.000000,2.625659
8.000000,0.500000,0.000000,3.932514
8.000000,1.000000,0.000000,4.136281
8.000000,1.500000,0.000000,3.641052
8.000000,2.000000,0.000000,2.566143
8.000000,2.500000,0.000000,1.469156
8.000000,3.000000,0.000000,1.422585
8.000000,3.500000,0.000000,1.367866
8.000000,4.000000,0.000000,1.447592
8.000000,4.500000,0.000000,1.083303
8.000000,5.000000,0.000000,1.119983
8.000000,5.500000,0.000000,1.728121
8.000000,6.000000,0.000000,2.146145
8.000000,6.500000,0.000000,1.543833
8.000000,7.000000,0.000000,0.933787
8.000000,7.500000,0.000000,1.063649
8.000000,8.000000,0.000000,1.351587
8.000000,8.500000,0.000000,1.669014
8.000000,9.000000,0.000000,1.979817
8.000000,9.500000,0.000000,1.699988
8.000000,10.000000,0.000000,3.130758
8.000000,10.500000,0.000000,3.756350
8.000000,11.000000,0.000000,1.560000
8.500000,-12.000000,0.000000,0.260000
8.500000,-11.500000,0.000000,2.580007
8.500000,-11.000000,0.000000,3.517518
8.500000,-10.500000,0.000000,2.750547
8.500000,-10.000000,0.000000,2.705470
8.500000,-9.500000,0.000000,1.653362
8.500000,-9.000000,0.000000,1.495983
8.500000,-8.500000,0.000000,1.603538
8.500000,-8.000000,0.000000,1.517052
8.500000,-7.500000,0.000000,1.297346
8.500000,-7.000000,0.000000,1.136761
8.500000,-6.500000,0.000000,0.881420
8.500000,-6.000000,0.000000,1.280865
8.500000,-5.500000,0.000000,1.882341
8.500000,-5.000000,0.000000,1.870707
8.500000,-4.500000,0.000000,1.555945
8.500000,-4.000000,0.000000,2.106071
8.500000,-3.500000,0.000000,1.848503
8.500000,-3.000000,0.000000,1.014789
8.500000,-2.500000,0.000000,1.012144
8.500000,-2.000000,0.000000,0.996362
8.500000,-1.500000,0.000000,1.138510
8.500000,-1.000000,0.000000,1.006047
8.500000,-0.500000,0.000000,1.012693
8.500000,0.000000,0.000000,1.530238
8.500000,0.500000,0.000000,2.221623
8.500000,1.000000,0.000000,3.434245
8.500000,1.500000,0.000000,2.915439
8.500000,2.000000,0.000000,1.570093
8.500000,2.500000,0.000000,1.453844
8.500000,3.000000,0.000000,1.704031
8.500000,3.500000,0.000000,1.640040
8.500000,4.000000,0.000000,1.639694
8.500000,4.500000,0.000000,1.157996
8.500000,5.000000,0.000000,1.491219
8.500000,5.500000,0.000000,1.563730
8.500000,6.000000,0.000000,2.495145
8.500000,6.500000,0.000000,2.207000
8.500000,7.000000,0.000000,1.411920
8.500000,7.500000,0.000000,1.057024
8.500000,8.000000,0.000000,1.330272
8.500000,8.500000,0.000000,1.603923
8.500000,9.000000,0.000000,2.896009
8.500000,9.500000,0.000000,4.018064
8.500000,10.000000,0.000000,2.080000
9.000000,-11.000000,0.000000,0.260000
9.000000,-10.500000,0.000000,3.118726
9.000000,-10.000000,0.000000,3.872106
9.000000,-9.500000,0.000000,1.923916
9.000000,-9.000000,0.000000,1.585333
9.000000,-8.500000,0.000000,1.619120
9.000000,-8.000000,0.000000,1.521764
9.000000,-7.500000,0.000000,1.471744
9.000000,-7.000000,0.000000,1.361596
9.000000,-6.500000,0.000000,0.933019
9.000000,-6.000000,0.000000,1.484878
9.000000,-5.500000,0.000000,1.863495
9.000000,-5.000000,0.000000,1.720767
9.000000,-4.500000,0.000000,1.540018
9.000000,-4.000000,0.000000,1.962750
9.000000,-3.500000,0.000000,2.605289
9.000000,-3.000000,0.000000,1.295868
9.000000,-2.500000,0.000000,0.991445
9.000000,-2.000000,0.000000,1.043833
9.000000,-1.500000,0.000000,1.032822
9.000000,-1.000000,0.000000,1.193858
9.000000,-0.500000,0.000000,1.092278
9.000000,0.000000,0.000000,1.110475
9.000000,0.500000,0.000000,1.440468
9.000000,1.000000,0.000000,2.266894
9.000000,1.500000,0.000000,2.515885
9.000000,2.000000,0.000000,1.757421
9.000000,2.500000,0.000000,1.627709
9.000000,3.000000,0.000000,1.707586
9.000000,3.500000,0.000000,1.780177
9.000000,4.000000,0.000000,2.161193
9.000000,4.500000,0.000000,1.601071
9.000000,5.000000,0.000000,1.670407
9.000000,5.500000,0.000000,1.710130
9.000000,6.000000,0.000000,1.930923
9.000000,6.500000,0.000000,2.613611
9.000000,7.000000,0.000000,1.666663
9.000000,7.500000,0.000000,1.579173
9.000000,8.000000,0.000000,2.195755
9.000000,8.500000,0.000000,3.210251
9.000000,9.000000,0.000000,3.113301
9.000000,9.500000,0.000000,0.260000
9.500000,-10.000000,0.000000,1.040000
9.500000,-9.500000,0.000000,3.616342
9.500000,-9.000000,0.000000,2.066049
9.500000,-8.500000,0.000000,1.599205
9.500000,-8.000000,0.000000,1.486086
9.500000,-7.500000,0.000000,1.418707
9.500000,-7.000000,0.000000,1.281518
9.500000,-6.500000,0.000000,1.191515
9.500000,-6.000000,0.000000,1.636624
9.500000,-5.500000,0.000000,1.538979
9.500000,-5.000000,0.000000,1.321970
9.500000,-4.500000,0.000000,1.467782
9.500000,-4.000000,0.000000,1.855883
9.500000,-3.500000,0.000000,2.961479
9.500000,-3.000000,0.000000,1.465107
9.500000,-2.500000,0.000000,0.988195
9.500000,-2.000000,0.000000,1.147529
9.500000,-1.500000,0.000000,1.030428
9.500000,-1.000000,0.000000,1.106089
9.500000,-0.500000,0.000000,1.398289
9.500000,0.000000,0.000000,1.393342
9.500000,0.500000,0.000000,1.374326
9.500000,1.000000,0.000000,2.021406
9.500000,1.500000,0.000000,2.266028
9.500000,2.000000,0.000000,2.403358
9.500000,2.500000,0.000000,2.172463
9.500000,3.000000,0.000000,2.321154
9.500000,3.500000,0.000000,2.473770
9.500000,4.000000,0.000000,3.208540
9.500000,4.500000,0.000000,2.014939
9.500000,5.000000,0.000000,1.705615
9.500000,5.500000,0.000000,2.555813
9.500000,6.000000,0.000000,2.575429
9.500000,6.500000,0.000000,3.337092
9.500000,7.000000,0.000000,3.277434
9.500000,7.500000,0.000000,3.273311
9.500000,8.000000,0.000000,3.072300
9.500000,8.500000,0.000000,1.040000
10.000000,-9.500000,0.000000,1.040000
10.000000,-9.000000,0.000000,3.000213
10.000000,-8.500000,0.000000,3.156376
10.000000,-8.000000,0.000000,1.760339
10.000000,-7.500000,0.000000,1.409292
10.000000,-7.000000,0.000000,1.211118
10.000000,-6.500000,0.000000,1.263297
10.000000,-6.000000,0.000000,1.634637
10.000000,-5.500000,0.000000,1.392263
10.000000,-5.000000,0.000000,1.366839
10.000000,-4.500000,0.000000,1.376354
10.000000,-4.000000,0.000000,1.901521
10.000000,-3.500000,0.000000,3.224323
10.000000,-3.000000,0.000000,1.760976
10.000000,-2.500000,0.000000,1.049934
10.000000,-2.000000,0.000000,1.250561
10.000000,-1.500000,0.000000,1.215192
10.000000,-1.000000,0.000000,1.044480
10.000000,-0.500000,0.000000,1.344935
10.000000,0.000000,0.000000,1.979909
10.000000,0.500000,0.000000,2.183168
10.000000,1.000000,0.000000,1.860754
10.000000,1.500000,0.000000,1.829663
10.000000,2.000000,0.000000,2.207588
10.000000,2.500000,0.000000,2.862293
10.000000,3.000000,0.000000,3.027354
10.000000,3.500000,0.000000,3.212084
10.000000,4.000000,0.000000,3.498221
10.000000,4.500000,0.000000,3.833567
10.000000,5.000000,0.000000,3.450825
10.000000,5.500000,0.000000,4.112176
10.000000,6.000000,0.000000,3.609708
10.000000,6.500000,0.000000,2.079829
10.000000,7.000000,0.000000,1.560000
10.500000,-8.500000,0.000000,1.040000
10.500000,-8.000000,0.000000,2.930639
10.500000,-7.500000,0.000000,2.728466
10.500000,-7.000000,0.000000,1.815354
10.500000,-6.500000,0.000000,1.559193
10.500000,-6.000000,0.000000,1.776423
10.500000,-5.500000,0.000000,1.550990
10.500000,-5.000000,0.000000,1.580491
10.500000,-4.500000,0.000000,1.532373
10.500000,-4.000000,0.000000,1.677603
10.500000,-3.500000,0.000000,2.919717
10.500000,-3.000000,0.000000,2.225210
10.500000,-2.500000,0.000000,1.212641
10.500000,-2.000000,0.000000,1.090386
10.500000,-1.500000,0.000000,1.219095
10.500000,-1.000000,0.000000,1.055915
10.500000,-0.500000,0.000000,1.354420
10.500000,0.000000,0.000000,2.065026
10.500000,0.500000,0.000000,2.309999
10.500000,1.000000,0.000000,1.922779
10.500000,1.500000,0.000000,1.766458
10.500000,2.000000,0.000000,2.211912
10.500000,2.500000,0.000000,2.771661
10.500000,3.000000,0.000000,3.430512
10.500000,3.500000,0.000000,4.089260
10.500000,4.000000,0.000000,4.124695
10.500000,4.500000,0.000000,3.639646
10.500000,5.000000,0.000000,1.560000
10.500000,5.500000,0.000000,0.780000
11.000000,-7.500000,0.000000,1.040000
11.000000,-7.000000,0.000000,2.721326
11.000000,-6.500000,0.000000,3.506881
11.000000,-6.000000,0.000000,3.355319
11.000000,-5.500000,0.000000,2.592665
11.000000,-5.000000,0.000000,2.396812
11.000000,-4.500000,0.000000,1.725727
11.000000,-4.000000,0.000000,1.744986
11.000000,-3.500000,0.000000,2.335876
11.000000,-3.000000,0.000000,2.351233
11.000000,-2.500000,0.000000,1.449948
11.000000,-2.000000,0.000000,1.129991
11.000000,-1.500000,0.000000,1.079831
11.000000,-1.000000,0.000000,1.076029
11.000000,-0.500000,0.000000,1.274388
11.000000,0.000000,0.000000,2.267913
11.000000,0.500000,0.000000,2.201474
11.000000,1.000000,0.000000,2.247321
11.000000,1.500000,0.000000,2.793663
11.000000,2.000000,0.000000,3.443314
11.000000,2.500000,0.000000,3.963604
11.000000,3.000000,0.000000,3.376203
11.000000,3.500000,0.000000,2.080000
11.500000,-6.000000,0.000000,1.040000
11.500000,-5.500000,0.000000,2.079917
11.500000,-5.000000,0.000000,3.067796
11.500000,-4.500000,0.000000,3.442029
11.500000,-4.000000,0.000000,3.126729
11.500000,-3.500000,0.000000,3.362753
11.500000,-3.000000,0.000000,3.696318
11.500000,-2.500000,0.000000,2.532050
11.500000,-2.000000,0.000000,1.681764
11.500000,-1.500000,0.000000,1.607829
11.500000,-1.000000,0.000000,1.859188
11.500000,-0.500000,0.000000,2.283219
11.500000,0.000000,0.000000,3.200089
11.500000,0.500000,0.000000,3.939932
11.500000,1.000000,0.000000,3.303105
11.500000,1.500000,0.000000,2.080000
11.500000,2.000000,0.000000,2.080000
11.500000,2.500000,0.000000,0.260000
12.000000,-3.500000,0.000000,0.520000
12.000000,-3.000000,0.000000,1.560000
12.000000,-2.500000,0.000000,2.080000
12.000000,-2.000000,0.000000,2.079555
12.000000,-1.500000,0.000000,2.079033
12.000000,-1.000000,0.000000,2.080000
12.000000,-0.500000,0.000000,2.080000
12.000000,0.000000,0.000000,1.300000
